image	tex	section	label	caption
Figures/chi2_particleID_profiles.pdf	Sections/Event Selection.tex	$\chi^2$ Calorimetric Particle ID	fig:chi2pid_profiles	Energy loss profiles for particle types leveraged by the $\chi^2$ particle identification algorithm.
Figures/cut_stuff/1D_scan.png	Sections/Event Selection.tex	Cuts	fig:1Dscan	1D scans varying one cut variable at a time around the chosen selection values, and evaluating for the average uncertainty on the ratio. The scans shown above demonstrate that each of the cut values fall in fairly stable regions. The cut values do not always fall in the minimum of the 1D scans due to the nature of the 9D optimization meaning that changing the value of one cut would change the shape of the 1D scans of the rest, and potentially destablize the selection in those phase spaces.
Figures/cut_stuff/cosmic_cut.png	Sections/Event Selection.tex	Cuts	fig:cosmic_cuts	Nuetrino score and opening angle cuts, primarily to remove remaining cosmic (blue) populations after preselection.
Figures/cut_stuff/track_score.png	Sections/Event Selection.tex	Cuts	fig:track_score	Muon track score cut after cosmic cut has been applied, primarily to remove remaining cosmic (blue) populations and NCs.
Figures/cut_stuff/mu_len.png	Sections/Event Selection.tex	Cuts	fig:track_score	Muon length cut after cosmic and track score cuts have been applied, the lower bound primarily to remove remaining cosmic (blue) populations and NCs, the upper bound to constrain upper energy of candidates for cross section cancellation.
Figures/cut_stuff/mu_cand.png	Sections/Event Selection.tex	Cuts	fig:mu_cand	Muon candidate PID cuts after cosmic, two-prong, and muon topology cuts have been applied. The upper bound of $\chi^2_u$ varies between detectors, where it's fairly strict for SBND but isn't being cut on for ICARUS. The lower bound of $\chi^2_u$ remains roughly the same between the two detectors, largely removing NC's.
Figures/cut_stuff/p_cand.png	Sections/Event Selection.tex	Cuts	fig:p_cand	Proton candidate PID cuts after all other cuts have been applied. $\chi^2_u$ upper bound is stricter for ICARUS than SBND due to the different locations of the remaining cosmic (blue) contaminants along the axis.
Figures/cut_stuff/eff.png	Sections/Event Selection.tex	Cuts	fig:efficnecy	Selection efficiencies of post selection for muons, protons, charged and neutral pions. Overall shape is roughly the same between detectors. The largest difference is in the muon momentum acceptance, and is largely driven by the difference in geometric shape between the two detectors.
Figures/cut_stuff/e_reco_ratio.png	Sections/SignalBoxDistributions.tex		fig:signalbox-dist-\var	Distribution in GUMP signal box in SBND, ICARUS, and the near-far ratio.
Figures/cut_stuff/del_p_ratio.png	Sections/SignalBoxDistributions.tex		fig:signalbox-dist-\var	Distribution in GUMP signal box in SBND, ICARUS, and the near-far ratio.
Figures/cut_stuff/e_reco_low_delp.png	Sections/SignalBoxDistributions.tex		fig:signalbox-dist-\var	Distribution in GUMP signal box in SBND, ICARUS, and the near-far ratio.
Figures/cut_stuff/e_reco_med_delp.png	Sections/SignalBoxDistributions.tex		fig:signalbox-dist-\var	Distribution in GUMP signal box in SBND, ICARUS, and the near-far ratio.
Figures/cut_stuff/e_reco_hi_delp.png	Sections/SignalBoxDistributions.tex		fig:signalbox-dist-\var	Distribution in GUMP signal box in SBND, ICARUS, and the near-far ratio.
icarus_sce.png	Sections/Systematic Uncertainties.tex	Space Charge	fig:ICARUSSCE	ICARUS SCE variation from \docdb{47110}.
icarus_no_sce.png	Sections/Systematic Uncertainties.tex	Space Charge	fig:ICARUSSCE	ICARUS SCE variation from \docdb{47110}.
Figures/SCE-Detvar/SBNDSpaceChargeMeasurement.png	Sections/Systematic Uncertainties.tex	Space Charge	fig:SBNDSCEData	Comparison of the impact of space charge between SBND simulation and SBND data (in the two TPCs). From Lane Kashur, sbndcode PR 797.
Figures/Proton-Energy-Resolution/data_proton_Ereco_angularrecomb_qtip.pdf	Sections/Systematic Uncertainties.tex	Particle ID Variations	fig:proton-eres-nominal	Resolution of proton range versus energy reconstruction in ICARUS data (left) and MC (right). The data obtains a much worse resolution than is predicted by the simulation.
Figures/Proton-Energy-Resolution/mc_proton_Ereco_angularrecomb_qtip.pdf	Sections/Systematic Uncertainties.tex	Particle ID Variations	fig:proton-eres-nominal	Resolution of proton range versus energy reconstruction in ICARUS data (left) and MC (right). The data obtains a much worse resolution than is predicted by the simulation.
Figures/Proton-Energy-Resolution/mc_smear5pc_proton_Ereco_angularrecomb_qtip.pdf	Sections/Systematic Uncertainties.tex	Particle ID Variations	fig:proton-eres-variations	Resolution of proton range versus energy reconstruction in ICARUS MC, for four different additional values of additional smearing: 5, 10, 15 and 13\%. The 13\% smearing obtains a good match in the energy resolution to data (see Fig.~\ref{fig:proton-eres-nominal}).
Figures/Proton-Energy-Resolution/mc_smear10pc_proton_Ereco_angularrecomb_qtip.pdf	Sections/Systematic Uncertainties.tex	Particle ID Variations	fig:proton-eres-variations	Resolution of proton range versus energy reconstruction in ICARUS MC, for four different additional values of additional smearing: 5, 10, 15 and 13\%. The 13\% smearing obtains a good match in the energy resolution to data (see Fig.~\ref{fig:proton-eres-nominal}).
Figures/Proton-Energy-Resolution/mc_smear15pc_proton_Ereco_angularrecomb_qtip.pdf	Sections/Systematic Uncertainties.tex	Particle ID Variations	fig:proton-eres-variations	Resolution of proton range versus energy reconstruction in ICARUS MC, for four different additional values of additional smearing: 5, 10, 15 and 13\%. The 13\% smearing obtains a good match in the energy resolution to data (see Fig.~\ref{fig:proton-eres-nominal}).
Figures/Proton-Energy-Resolution/mc_smear13pc_proton_Ereco_angularrecomb_qtip.pdf	Sections/Systematic Uncertainties.tex	Particle ID Variations	fig:proton-eres-variations	Resolution of proton range versus energy reconstruction in ICARUS MC, for four different additional values of additional smearing: 5, 10, 15 and 13\%. The 13\% smearing obtains a good match in the energy resolution to data (see Fig.~\ref{fig:proton-eres-nominal}).
Figures/Signal-Box-Systematics/SBND_mu_chi2_of_mu_cand_variations.pdf	Sections/Systematic Uncertainties.tex	Particle ID Variations	fig:SBNDPIDDetvar	Impact of PID variations on particle ID variations in SBND. Shown for $\chi^2_\mu$ (left) and $\chi^2_p$ (right), across muon candidates (top) and proton candidates (bottom).
Figures/Signal-Box-Systematics/SBND_prot_chi2_of_mu_cand_variations.pdf	Sections/Systematic Uncertainties.tex	Particle ID Variations	fig:SBNDPIDDetvar	Impact of PID variations on particle ID variations in SBND. Shown for $\chi^2_\mu$ (left) and $\chi^2_p$ (right), across muon candidates (top) and proton candidates (bottom).
Figures/Signal-Box-Systematics/SBND_mu_chi2_of_prot_cand_variations.pdf	Sections/Systematic Uncertainties.tex	Particle ID Variations	fig:SBNDPIDDetvar	Impact of PID variations on particle ID variations in SBND. Shown for $\chi^2_\mu$ (left) and $\chi^2_p$ (right), across muon candidates (top) and proton candidates (bottom).
Figures/Signal-Box-Systematics/SBND_prot_chi2_of_prot_cand_variations.pdf	Sections/Systematic Uncertainties.tex	Particle ID Variations	fig:SBNDPIDDetvar	Impact of PID variations on particle ID variations in SBND. Shown for $\chi^2_\mu$ (left) and $\chi^2_p$ (right), across muon candidates (top) and proton candidates (bottom).
Figures/Signal-Box-Systematics/ICARUS_mu_chi2_of_mu_cand_variations.pdf	Sections/Systematic Uncertainties.tex	Particle ID Variations	fig:ICARUSPIDDetvar	Impact of PID variations on particle ID variations in ICARUS. Shown for $\chi^2_\mu$ (left) and $\chi^2_p$ (right), across muon candidates (top) and proton candidates (bottom).
Figures/Signal-Box-Systematics/ICARUS_prot_chi2_of_mu_cand_variations.pdf	Sections/Systematic Uncertainties.tex	Particle ID Variations	fig:ICARUSPIDDetvar	Impact of PID variations on particle ID variations in ICARUS. Shown for $\chi^2_\mu$ (left) and $\chi^2_p$ (right), across muon candidates (top) and proton candidates (bottom).
Figures/Signal-Box-Systematics/ICARUS_mu_chi2_of_prot_cand_variations.pdf	Sections/Systematic Uncertainties.tex	Particle ID Variations	fig:ICARUSPIDDetvar	Impact of PID variations on particle ID variations in ICARUS. Shown for $\chi^2_\mu$ (left) and $\chi^2_p$ (right), across muon candidates (top) and proton candidates (bottom).
Figures/Signal-Box-Systematics/ICARUS_prot_chi2_of_prot_cand_variations.pdf	Sections/Systematic Uncertainties.tex	Particle ID Variations	fig:ICARUSPIDDetvar	Impact of PID variations on particle ID variations in ICARUS. Shown for $\chi^2_\mu$ (left) and $\chi^2_p$ (right), across muon candidates (top) and proton candidates (bottom).
Figures/PID-MC-Data/SBND_nominal_simplecosrej_trkqual_nop_mu_chi2_of_mu_cand_bkdwnpdg_dedx_nosmear.pdf	Sections/Systematic Uncertainties.tex	MC to Data Comparison PID Validation	fig:\Detector-MCData-PID	Comparison of particle ID variables in a sample with a simple selection applied. Shown for \Detector. Shown with no $dE/dx$ smearing uncertainty (top), with the 13\% smearing uncertainty (middle), and with the $2\times$13\% smearing uncertainty (bottom)
Figures/PID-MC-Data/ICARUS-Run2_nominal_simplecosrej_trkqual_nop_mu_chi2_of_mu_cand_bkdwnpdg_dedx_nosmear.pdf	Sections/Systematic Uncertainties.tex	MC to Data Comparison PID Validation	fig:\Detector-MCData-PID	Comparison of particle ID variables in a sample with a simple selection applied. Shown for \Detector. Shown with no $dE/dx$ smearing uncertainty (top), with the 13\% smearing uncertainty (middle), and with the $2\times$13\% smearing uncertainty (bottom)
Figures/PID-MC-Data/ICARUS-Run4_nominal_simplecosrej_trkqual_nop_mu_chi2_of_mu_cand_bkdwnpdg_dedx_nosmear.pdf	Sections/Systematic Uncertainties.tex	MC to Data Comparison PID Validation	fig:\Detector-MCData-PID	Comparison of particle ID variables in a sample with a simple selection applied. Shown for \Detector. Shown with no $dE/dx$ smearing uncertainty (top), with the 13\% smearing uncertainty (middle), and with the $2\times$13\% smearing uncertainty (bottom)
Figures/PID-MC-Data/SBND_nominal_simplecosrej_trkqual_nop_prot_chi2_of_mu_cand_bkdwnpdg_dedx_nosmear.pdf	Sections/Systematic Uncertainties.tex	MC to Data Comparison PID Validation	fig:\Detector-MCData-PID	Comparison of particle ID variables in a sample with a simple selection applied. Shown for \Detector. Shown with no $dE/dx$ smearing uncertainty (top), with the 13\% smearing uncertainty (middle), and with the $2\times$13\% smearing uncertainty (bottom)
Figures/PID-MC-Data/ICARUS-Run2_nominal_simplecosrej_trkqual_nop_prot_chi2_of_mu_cand_bkdwnpdg_dedx_nosmear.pdf	Sections/Systematic Uncertainties.tex	MC to Data Comparison PID Validation	fig:\Detector-MCData-PID	Comparison of particle ID variables in a sample with a simple selection applied. Shown for \Detector. Shown with no $dE/dx$ smearing uncertainty (top), with the 13\% smearing uncertainty (middle), and with the $2\times$13\% smearing uncertainty (bottom)
Figures/PID-MC-Data/ICARUS-Run4_nominal_simplecosrej_trkqual_nop_prot_chi2_of_mu_cand_bkdwnpdg_dedx_nosmear.pdf	Sections/Systematic Uncertainties.tex	MC to Data Comparison PID Validation	fig:\Detector-MCData-PID	Comparison of particle ID variables in a sample with a simple selection applied. Shown for \Detector. Shown with no $dE/dx$ smearing uncertainty (top), with the 13\% smearing uncertainty (middle), and with the $2\times$13\% smearing uncertainty (bottom)
Figures/PID-MC-Data/SBND_nominal_simplecosrej_trkqual_nop_prot_chi2_of_prot_cand_bkdwnpdg_dedx_nosmear.pdf	Sections/Systematic Uncertainties.tex	MC to Data Comparison PID Validation	fig:\Detector-MCData-PID	Comparison of particle ID variables in a sample with a simple selection applied. Shown for \Detector. Shown with no $dE/dx$ smearing uncertainty (top), with the 13\% smearing uncertainty (middle), and with the $2\times$13\% smearing uncertainty (bottom)
Figures/PID-MC-Data/ICARUS-Run2_nominal_simplecosrej_trkqual_nop_prot_chi2_of_prot_cand_bkdwnpdg_dedx_nosmear.pdf	Sections/Systematic Uncertainties.tex	MC to Data Comparison PID Validation	fig:\Detector-MCData-PID	Comparison of particle ID variables in a sample with a simple selection applied. Shown for \Detector. Shown with no $dE/dx$ smearing uncertainty (top), with the 13\% smearing uncertainty (middle), and with the $2\times$13\% smearing uncertainty (bottom)
Figures/PID-MC-Data/ICARUS-Run4_nominal_simplecosrej_trkqual_nop_prot_chi2_of_prot_cand_bkdwnpdg_dedx_nosmear.pdf	Sections/Systematic Uncertainties.tex	MC to Data Comparison PID Validation	fig:\Detector-MCData-PID	Comparison of particle ID variables in a sample with a simple selection applied. Shown for \Detector. Shown with no $dE/dx$ smearing uncertainty (top), with the 13\% smearing uncertainty (middle), and with the $2\times$13\% smearing uncertainty (bottom)
Figures/PID-MC-Data/SBND_nominal_simplecosrej_trkqual_nop_mu_chi2_of_mu_cand_bkdwnpdg_dedx_smear1x.pdf	Sections/Systematic Uncertainties.tex	MC to Data Comparison PID Validation	fig:\Detector-MCData-PID	Comparison of particle ID variables in a sample with a simple selection applied. Shown for \Detector. Shown with no $dE/dx$ smearing uncertainty (top), with the 13\% smearing uncertainty (middle), and with the $2\times$13\% smearing uncertainty (bottom)
Figures/PID-MC-Data/ICARUS-Run2_nominal_simplecosrej_trkqual_nop_mu_chi2_of_mu_cand_bkdwnpdg_dedx_smear1x.pdf	Sections/Systematic Uncertainties.tex	MC to Data Comparison PID Validation	fig:\Detector-MCData-PID	Comparison of particle ID variables in a sample with a simple selection applied. Shown for \Detector. Shown with no $dE/dx$ smearing uncertainty (top), with the 13\% smearing uncertainty (middle), and with the $2\times$13\% smearing uncertainty (bottom)
Figures/PID-MC-Data/ICARUS-Run4_nominal_simplecosrej_trkqual_nop_mu_chi2_of_mu_cand_bkdwnpdg_dedx_smear1x.pdf	Sections/Systematic Uncertainties.tex	MC to Data Comparison PID Validation	fig:\Detector-MCData-PID	Comparison of particle ID variables in a sample with a simple selection applied. Shown for \Detector. Shown with no $dE/dx$ smearing uncertainty (top), with the 13\% smearing uncertainty (middle), and with the $2\times$13\% smearing uncertainty (bottom)
Figures/PID-MC-Data/SBND_nominal_simplecosrej_trkqual_nop_prot_chi2_of_mu_cand_bkdwnpdg_dedx_smear1x.pdf	Sections/Systematic Uncertainties.tex	MC to Data Comparison PID Validation	fig:\Detector-MCData-PID	Comparison of particle ID variables in a sample with a simple selection applied. Shown for \Detector. Shown with no $dE/dx$ smearing uncertainty (top), with the 13\% smearing uncertainty (middle), and with the $2\times$13\% smearing uncertainty (bottom)
Figures/PID-MC-Data/ICARUS-Run2_nominal_simplecosrej_trkqual_nop_prot_chi2_of_mu_cand_bkdwnpdg_dedx_smear1x.pdf	Sections/Systematic Uncertainties.tex	MC to Data Comparison PID Validation	fig:\Detector-MCData-PID	Comparison of particle ID variables in a sample with a simple selection applied. Shown for \Detector. Shown with no $dE/dx$ smearing uncertainty (top), with the 13\% smearing uncertainty (middle), and with the $2\times$13\% smearing uncertainty (bottom)
Figures/PID-MC-Data/ICARUS-Run4_nominal_simplecosrej_trkqual_nop_prot_chi2_of_mu_cand_bkdwnpdg_dedx_smear1x.pdf	Sections/Systematic Uncertainties.tex	MC to Data Comparison PID Validation	fig:\Detector-MCData-PID	Comparison of particle ID variables in a sample with a simple selection applied. Shown for \Detector. Shown with no $dE/dx$ smearing uncertainty (top), with the 13\% smearing uncertainty (middle), and with the $2\times$13\% smearing uncertainty (bottom)
Figures/PID-MC-Data/SBND_nominal_simplecosrej_trkqual_nop_prot_chi2_of_prot_cand_bkdwnpdg_dedx_smear1x.pdf	Sections/Systematic Uncertainties.tex	MC to Data Comparison PID Validation	fig:\Detector-MCData-PID	Comparison of particle ID variables in a sample with a simple selection applied. Shown for \Detector. Shown with no $dE/dx$ smearing uncertainty (top), with the 13\% smearing uncertainty (middle), and with the $2\times$13\% smearing uncertainty (bottom)
Figures/PID-MC-Data/ICARUS-Run2_nominal_simplecosrej_trkqual_nop_prot_chi2_of_prot_cand_bkdwnpdg_dedx_smear1x.pdf	Sections/Systematic Uncertainties.tex	MC to Data Comparison PID Validation	fig:\Detector-MCData-PID	Comparison of particle ID variables in a sample with a simple selection applied. Shown for \Detector. Shown with no $dE/dx$ smearing uncertainty (top), with the 13\% smearing uncertainty (middle), and with the $2\times$13\% smearing uncertainty (bottom)
Figures/PID-MC-Data/ICARUS-Run4_nominal_simplecosrej_trkqual_nop_prot_chi2_of_prot_cand_bkdwnpdg_dedx_smear1x.pdf	Sections/Systematic Uncertainties.tex	MC to Data Comparison PID Validation	fig:\Detector-MCData-PID	Comparison of particle ID variables in a sample with a simple selection applied. Shown for \Detector. Shown with no $dE/dx$ smearing uncertainty (top), with the 13\% smearing uncertainty (middle), and with the $2\times$13\% smearing uncertainty (bottom)
Figures/PID-MC-Data/SBND_nominal_simplecosrej_trkqual_nop_mu_chi2_of_mu_cand_bkdwnpdg_dedx_smear2x.pdf	Sections/Systematic Uncertainties.tex	MC to Data Comparison PID Validation	fig:\Detector-MCData-PID	Comparison of particle ID variables in a sample with a simple selection applied. Shown for \Detector. Shown with no $dE/dx$ smearing uncertainty (top), with the 13\% smearing uncertainty (middle), and with the $2\times$13\% smearing uncertainty (bottom)
Figures/PID-MC-Data/ICARUS-Run2_nominal_simplecosrej_trkqual_nop_mu_chi2_of_mu_cand_bkdwnpdg_dedx_smear2x.pdf	Sections/Systematic Uncertainties.tex	MC to Data Comparison PID Validation	fig:\Detector-MCData-PID	Comparison of particle ID variables in a sample with a simple selection applied. Shown for \Detector. Shown with no $dE/dx$ smearing uncertainty (top), with the 13\% smearing uncertainty (middle), and with the $2\times$13\% smearing uncertainty (bottom)
Figures/PID-MC-Data/ICARUS-Run4_nominal_simplecosrej_trkqual_nop_mu_chi2_of_mu_cand_bkdwnpdg_dedx_smear2x.pdf	Sections/Systematic Uncertainties.tex	MC to Data Comparison PID Validation	fig:\Detector-MCData-PID	Comparison of particle ID variables in a sample with a simple selection applied. Shown for \Detector. Shown with no $dE/dx$ smearing uncertainty (top), with the 13\% smearing uncertainty (middle), and with the $2\times$13\% smearing uncertainty (bottom)
Figures/PID-MC-Data/SBND_nominal_simplecosrej_trkqual_nop_prot_chi2_of_mu_cand_bkdwnpdg_dedx_smear2x.pdf	Sections/Systematic Uncertainties.tex	MC to Data Comparison PID Validation	fig:\Detector-MCData-PID	Comparison of particle ID variables in a sample with a simple selection applied. Shown for \Detector. Shown with no $dE/dx$ smearing uncertainty (top), with the 13\% smearing uncertainty (middle), and with the $2\times$13\% smearing uncertainty (bottom)
Figures/PID-MC-Data/ICARUS-Run2_nominal_simplecosrej_trkqual_nop_prot_chi2_of_mu_cand_bkdwnpdg_dedx_smear2x.pdf	Sections/Systematic Uncertainties.tex	MC to Data Comparison PID Validation	fig:\Detector-MCData-PID	Comparison of particle ID variables in a sample with a simple selection applied. Shown for \Detector. Shown with no $dE/dx$ smearing uncertainty (top), with the 13\% smearing uncertainty (middle), and with the $2\times$13\% smearing uncertainty (bottom)
Figures/PID-MC-Data/ICARUS-Run4_nominal_simplecosrej_trkqual_nop_prot_chi2_of_mu_cand_bkdwnpdg_dedx_smear2x.pdf	Sections/Systematic Uncertainties.tex	MC to Data Comparison PID Validation	fig:\Detector-MCData-PID	Comparison of particle ID variables in a sample with a simple selection applied. Shown for \Detector. Shown with no $dE/dx$ smearing uncertainty (top), with the 13\% smearing uncertainty (middle), and with the $2\times$13\% smearing uncertainty (bottom)
Figures/PID-MC-Data/SBND_nominal_simplecosrej_trkqual_nop_prot_chi2_of_prot_cand_bkdwnpdg_dedx_smear2x.pdf	Sections/Systematic Uncertainties.tex	MC to Data Comparison PID Validation	fig:\Detector-MCData-PID	Comparison of particle ID variables in a sample with a simple selection applied. Shown for \Detector. Shown with no $dE/dx$ smearing uncertainty (top), with the 13\% smearing uncertainty (middle), and with the $2\times$13\% smearing uncertainty (bottom)
Figures/PID-MC-Data/ICARUS-Run2_nominal_simplecosrej_trkqual_nop_prot_chi2_of_prot_cand_bkdwnpdg_dedx_smear2x.pdf	Sections/Systematic Uncertainties.tex	MC to Data Comparison PID Validation	fig:\Detector-MCData-PID	Comparison of particle ID variables in a sample with a simple selection applied. Shown for \Detector. Shown with no $dE/dx$ smearing uncertainty (top), with the 13\% smearing uncertainty (middle), and with the $2\times$13\% smearing uncertainty (bottom)
Figures/PID-MC-Data/ICARUS-Run4_nominal_simplecosrej_trkqual_nop_prot_chi2_of_prot_cand_bkdwnpdg_dedx_smear2x.pdf	Sections/Systematic Uncertainties.tex	MC to Data Comparison PID Validation	fig:\Detector-MCData-PID	Comparison of particle ID variables in a sample with a simple selection applied. Shown for \Detector. Shown with no $dE/dx$ smearing uncertainty (top), with the 13\% smearing uncertainty (middle), and with the $2\times$13\% smearing uncertainty (bottom)
Figures/PID-MC-Data/SBND_nominal_simplecosrej_trkqual_nop_mu_chi2_of_mu_cand_bkdwnpdg_nominal_muthetadrift0.pdf	Sections/Systematic Uncertainties.tex	MC to Data Comparison PID Validation	fig:\Detector-MCData-PID-perangle-mucand-chi2mu	Comparisons between MC and data of the muon candidate $\chi^2_\mu$ PID score. Shown for \Detector. Shown in quintiles of the muon angle to the drift direction.
Figures/PID-MC-Data/SBND_nominal_simplecosrej_trkqual_nop_mu_chi2_of_mu_cand_bkdwnpdg_nominal_muthetadrift1.pdf	Sections/Systematic Uncertainties.tex	MC to Data Comparison PID Validation	fig:\Detector-MCData-PID-perangle-mucand-chi2mu	Comparisons between MC and data of the muon candidate $\chi^2_\mu$ PID score. Shown for \Detector. Shown in quintiles of the muon angle to the drift direction.
Figures/PID-MC-Data/SBND_nominal_simplecosrej_trkqual_nop_mu_chi2_of_mu_cand_bkdwnpdg_nominal_muthetadrift2.pdf	Sections/Systematic Uncertainties.tex	MC to Data Comparison PID Validation	fig:\Detector-MCData-PID-perangle-mucand-chi2mu	Comparisons between MC and data of the muon candidate $\chi^2_\mu$ PID score. Shown for \Detector. Shown in quintiles of the muon angle to the drift direction.
Figures/PID-MC-Data/SBND_nominal_simplecosrej_trkqual_nop_mu_chi2_of_mu_cand_bkdwnpdg_nominal_muthetadrift3.pdf	Sections/Systematic Uncertainties.tex	MC to Data Comparison PID Validation	fig:\Detector-MCData-PID-perangle-mucand-chi2mu	Comparisons between MC and data of the muon candidate $\chi^2_\mu$ PID score. Shown for \Detector. Shown in quintiles of the muon angle to the drift direction.
Figures/PID-MC-Data/SBND_nominal_simplecosrej_trkqual_nop_mu_chi2_of_mu_cand_bkdwnpdg_nominal_muthetadrift4.pdf	Sections/Systematic Uncertainties.tex	MC to Data Comparison PID Validation	fig:\Detector-MCData-PID-perangle-mucand-chi2mu	Comparisons between MC and data of the muon candidate $\chi^2_\mu$ PID score. Shown for \Detector. Shown in quintiles of the muon angle to the drift direction.
Figures/PID-MC-Data/SBND_nominal_simplecosrej_trkqual_nop_prot_chi2_of_mu_cand_bkdwnpdg_nominal_muthetadrift0.pdf	Sections/Systematic Uncertainties.tex	MC to Data Comparison PID Validation	fig:\Detector-MCData-PID-perangle-mucand-chi2p	Comparisons between MC and data of the muon candidate $\chi^2_p$ PID score. Shown for \Detector. Shown in quintiles of the muon angle to the drift direction.
Figures/PID-MC-Data/ICARUS-Run2_nominal_simplecosrej_trkqual_nop_prot_chi2_of_mu_cand_bkdwnpdg_nominal_muthetadrift0.pdf	Sections/Systematic Uncertainties.tex	MC to Data Comparison PID Validation	fig:\Detector-MCData-PID-perangle-mucand-chi2p	Comparisons between MC and data of the muon candidate $\chi^2_p$ PID score. Shown for \Detector. Shown in quintiles of the muon angle to the drift direction.
Figures/PID-MC-Data/SBND_nominal_simplecosrej_trkqual_nop_prot_chi2_of_mu_cand_bkdwnpdg_nominal_muthetadrift1.pdf	Sections/Systematic Uncertainties.tex	MC to Data Comparison PID Validation	fig:\Detector-MCData-PID-perangle-mucand-chi2p	Comparisons between MC and data of the muon candidate $\chi^2_p$ PID score. Shown for \Detector. Shown in quintiles of the muon angle to the drift direction.
Figures/PID-MC-Data/ICARUS-Run2_nominal_simplecosrej_trkqual_nop_prot_chi2_of_mu_cand_bkdwnpdg_nominal_muthetadrift1.pdf	Sections/Systematic Uncertainties.tex	MC to Data Comparison PID Validation	fig:\Detector-MCData-PID-perangle-mucand-chi2p	Comparisons between MC and data of the muon candidate $\chi^2_p$ PID score. Shown for \Detector. Shown in quintiles of the muon angle to the drift direction.
Figures/PID-MC-Data/SBND_nominal_simplecosrej_trkqual_nop_prot_chi2_of_mu_cand_bkdwnpdg_nominal_muthetadrift2.pdf	Sections/Systematic Uncertainties.tex	MC to Data Comparison PID Validation	fig:\Detector-MCData-PID-perangle-mucand-chi2p	Comparisons between MC and data of the muon candidate $\chi^2_p$ PID score. Shown for \Detector. Shown in quintiles of the muon angle to the drift direction.
Figures/PID-MC-Data/ICARUS-Run2_nominal_simplecosrej_trkqual_nop_prot_chi2_of_mu_cand_bkdwnpdg_nominal_muthetadrift2.pdf	Sections/Systematic Uncertainties.tex	MC to Data Comparison PID Validation	fig:\Detector-MCData-PID-perangle-mucand-chi2p	Comparisons between MC and data of the muon candidate $\chi^2_p$ PID score. Shown for \Detector. Shown in quintiles of the muon angle to the drift direction.
Figures/PID-MC-Data/SBND_nominal_simplecosrej_trkqual_nop_prot_chi2_of_mu_cand_bkdwnpdg_nominal_muthetadrift3.pdf	Sections/Systematic Uncertainties.tex	MC to Data Comparison PID Validation	fig:\Detector-MCData-PID-perangle-mucand-chi2p	Comparisons between MC and data of the muon candidate $\chi^2_p$ PID score. Shown for \Detector. Shown in quintiles of the muon angle to the drift direction.
Figures/PID-MC-Data/ICARUS-Run2_nominal_simplecosrej_trkqual_nop_prot_chi2_of_mu_cand_bkdwnpdg_nominal_muthetadrift3.pdf	Sections/Systematic Uncertainties.tex	MC to Data Comparison PID Validation	fig:\Detector-MCData-PID-perangle-mucand-chi2p	Comparisons between MC and data of the muon candidate $\chi^2_p$ PID score. Shown for \Detector. Shown in quintiles of the muon angle to the drift direction.
Figures/PID-MC-Data/SBND_nominal_simplecosrej_trkqual_nop_prot_chi2_of_mu_cand_bkdwnpdg_nominal_muthetadrift4.pdf	Sections/Systematic Uncertainties.tex	MC to Data Comparison PID Validation	fig:\Detector-MCData-PID-perangle-mucand-chi2p	Comparisons between MC and data of the muon candidate $\chi^2_p$ PID score. Shown for \Detector. Shown in quintiles of the muon angle to the drift direction.
Figures/PID-MC-Data/ICARUS-Run2_nominal_simplecosrej_trkqual_nop_prot_chi2_of_mu_cand_bkdwnpdg_nominal_muthetadrift4.pdf	Sections/Systematic Uncertainties.tex	MC to Data Comparison PID Validation	fig:\Detector-MCData-PID-perangle-mucand-chi2p	Comparisons between MC and data of the muon candidate $\chi^2_p$ PID score. Shown for \Detector. Shown in quintiles of the muon angle to the drift direction.
Figures/PID-MC-Data/SBND_nominal_simplecosrej_trkqual_nop_prot_chi2_of_prot_cand_bkdwnpdg_nominal_pthetadrift0.pdf	Sections/Systematic Uncertainties.tex	MC to Data Comparison PID Validation	fig:\Detector-MCData-PID-perangle-pcand-chi2p	Comparisons between MC and data of the proton candidate $\chi^2_p$ PID score. Shown for \Detector. Shown in quintiles of the muon angle to the drift direction.
Figures/PID-MC-Data/ICARUS-Run2_nominal_simplecosrej_trkqual_nop_prot_chi2_of_prot_cand_bkdwnpdg_nominal_pthetadrift0.pdf	Sections/Systematic Uncertainties.tex	MC to Data Comparison PID Validation	fig:\Detector-MCData-PID-perangle-pcand-chi2p	Comparisons between MC and data of the proton candidate $\chi^2_p$ PID score. Shown for \Detector. Shown in quintiles of the muon angle to the drift direction.
Figures/PID-MC-Data/SBND_nominal_simplecosrej_trkqual_nop_prot_chi2_of_prot_cand_bkdwnpdg_nominal_pthetadrift1.pdf	Sections/Systematic Uncertainties.tex	MC to Data Comparison PID Validation	fig:\Detector-MCData-PID-perangle-pcand-chi2p	Comparisons between MC and data of the proton candidate $\chi^2_p$ PID score. Shown for \Detector. Shown in quintiles of the muon angle to the drift direction.
Figures/PID-MC-Data/ICARUS-Run2_nominal_simplecosrej_trkqual_nop_prot_chi2_of_prot_cand_bkdwnpdg_nominal_pthetadrift1.pdf	Sections/Systematic Uncertainties.tex	MC to Data Comparison PID Validation	fig:\Detector-MCData-PID-perangle-pcand-chi2p	Comparisons between MC and data of the proton candidate $\chi^2_p$ PID score. Shown for \Detector. Shown in quintiles of the muon angle to the drift direction.
Figures/PID-MC-Data/SBND_nominal_simplecosrej_trkqual_nop_prot_chi2_of_prot_cand_bkdwnpdg_nominal_pthetadrift2.pdf	Sections/Systematic Uncertainties.tex	MC to Data Comparison PID Validation	fig:\Detector-MCData-PID-perangle-pcand-chi2p	Comparisons between MC and data of the proton candidate $\chi^2_p$ PID score. Shown for \Detector. Shown in quintiles of the muon angle to the drift direction.
Figures/PID-MC-Data/ICARUS-Run2_nominal_simplecosrej_trkqual_nop_prot_chi2_of_prot_cand_bkdwnpdg_nominal_pthetadrift2.pdf	Sections/Systematic Uncertainties.tex	MC to Data Comparison PID Validation	fig:\Detector-MCData-PID-perangle-pcand-chi2p	Comparisons between MC and data of the proton candidate $\chi^2_p$ PID score. Shown for \Detector. Shown in quintiles of the muon angle to the drift direction.
Figures/PID-MC-Data/SBND_nominal_simplecosrej_trkqual_nop_prot_chi2_of_prot_cand_bkdwnpdg_nominal_pthetadrift3.pdf	Sections/Systematic Uncertainties.tex	MC to Data Comparison PID Validation	fig:\Detector-MCData-PID-perangle-pcand-chi2p	Comparisons between MC and data of the proton candidate $\chi^2_p$ PID score. Shown for \Detector. Shown in quintiles of the muon angle to the drift direction.
Figures/PID-MC-Data/ICARUS-Run2_nominal_simplecosrej_trkqual_nop_prot_chi2_of_prot_cand_bkdwnpdg_nominal_pthetadrift3.pdf	Sections/Systematic Uncertainties.tex	MC to Data Comparison PID Validation	fig:\Detector-MCData-PID-perangle-pcand-chi2p	Comparisons between MC and data of the proton candidate $\chi^2_p$ PID score. Shown for \Detector. Shown in quintiles of the muon angle to the drift direction.
Figures/PID-MC-Data/SBND_nominal_simplecosrej_trkqual_nop_prot_chi2_of_prot_cand_bkdwnpdg_nominal_pthetadrift4.pdf	Sections/Systematic Uncertainties.tex	MC to Data Comparison PID Validation	fig:\Detector-MCData-PID-perangle-pcand-chi2p	Comparisons between MC and data of the proton candidate $\chi^2_p$ PID score. Shown for \Detector. Shown in quintiles of the muon angle to the drift direction.
Figures/PID-MC-Data/ICARUS-Run2_nominal_simplecosrej_trkqual_nop_prot_chi2_of_prot_cand_bkdwnpdg_nominal_pthetadrift4.pdf	Sections/Systematic Uncertainties.tex	MC to Data Comparison PID Validation	fig:\Detector-MCData-PID-perangle-pcand-chi2p	Comparisons between MC and data of the proton candidate $\chi^2_p$ PID score. Shown for \Detector. Shown in quintiles of the muon angle to the drift direction.
Figures/Track-Splitting/ICARUS-Run2_simple_z0_muend_zoom.pdf	Sections/Systematic Uncertainties.tex	Track Splitting	fig:track-split-MCdata-ICARUSRun2	Comparison of muon end points between MC and data in ICARUS Run 2. The East cathode is excluded as TPC EE is not included in the fiducial volume of the dataset.
Figures/Track-Splitting/ICARUS-Run2_simple_west_muend_zoom.pdf	Sections/Systematic Uncertainties.tex	Track Splitting	fig:track-split-MCdata-ICARUSRun2	Comparison of muon end points between MC and data in ICARUS Run 2. The East cathode is excluded as TPC EE is not included in the fiducial volume of the dataset.
Figures/Track-Splitting/ICARUS-Run2_simple_z0_muend_zoom_th0.pdf	Sections/Systematic Uncertainties.tex	Track Splitting	fig:track-split-MCdata-z0-angledep-ICARUSRun2	Track splitting MC-data comparison per angle quadrant ($\theta_Z$, the muon candidate angle to the plane of the splitting) for the $Z=0$ front induction wire gap in ICARUS Run 2.
Figures/Track-Splitting/ICARUS-Run2_simple_z0_muend_zoom_th1.pdf	Sections/Systematic Uncertainties.tex	Track Splitting	fig:track-split-MCdata-z0-angledep-ICARUSRun2	Track splitting MC-data comparison per angle quadrant ($\theta_Z$, the muon candidate angle to the plane of the splitting) for the $Z=0$ front induction wire gap in ICARUS Run 2.
Figures/Track-Splitting/ICARUS-Run2_simple_z0_muend_zoom_th2.pdf	Sections/Systematic Uncertainties.tex	Track Splitting	fig:track-split-MCdata-z0-angledep-ICARUSRun2	Track splitting MC-data comparison per angle quadrant ($\theta_Z$, the muon candidate angle to the plane of the splitting) for the $Z=0$ front induction wire gap in ICARUS Run 2.
Figures/Track-Splitting/ICARUS-Run2_simple_z0_muend_zoom_th3.pdf	Sections/Systematic Uncertainties.tex	Track Splitting	fig:track-split-MCdata-z0-angledep-ICARUSRun2	Track splitting MC-data comparison per angle quadrant ($\theta_Z$, the muon candidate angle to the plane of the splitting) for the $Z=0$ front induction wire gap in ICARUS Run 2.
Figures/Track-Splitting/ICARUS-Run2_simple_west_muend_zoom_th0.pdf	Sections/Systematic Uncertainties.tex	Track Splitting	fig:track-split-MCdata-WC-angledep-ICARUSRun2	Track splitting MC-data comparison per angle quadrant ($\theta_X$, the muon candidate angle to the plane of the splitting) for the West cryostat cathode boundary in ICARUS Run 2.
Figures/Track-Splitting/ICARUS-Run2_simple_west_muend_zoom_th1.pdf	Sections/Systematic Uncertainties.tex	Track Splitting	fig:track-split-MCdata-WC-angledep-ICARUSRun2	Track splitting MC-data comparison per angle quadrant ($\theta_X$, the muon candidate angle to the plane of the splitting) for the West cryostat cathode boundary in ICARUS Run 2.
Figures/Track-Splitting/ICARUS-Run2_simple_west_muend_zoom_th2.pdf	Sections/Systematic Uncertainties.tex	Track Splitting	fig:track-split-MCdata-WC-angledep-ICARUSRun2	Track splitting MC-data comparison per angle quadrant ($\theta_X$, the muon candidate angle to the plane of the splitting) for the West cryostat cathode boundary in ICARUS Run 2.
Figures/Track-Splitting/ICARUS-Run2_simple_west_muend_zoom_th3.pdf	Sections/Systematic Uncertainties.tex	Track Splitting	fig:track-split-MCdata-WC-angledep-ICARUSRun2	Track splitting MC-data comparison per angle quadrant ($\theta_X$, the muon candidate angle to the plane of the splitting) for the West cryostat cathode boundary in ICARUS Run 2.
Figures/Track-Splitting/ICARUS-Run2_gump_z0_f_vs_theta.pdf	Sections/Systematic Uncertainties.tex	Track Splitting	fig:placeholder	Comparison of splitting fraction versus angle quadrant in ICARUS Run 2. Shown for the $Z=0$ boundary (left), and the West cryostat cathode (left).
Figures/Track-Splitting/ICARUS-Run2_gump_west_f_vs_theta.pdf	Sections/Systematic Uncertainties.tex	Track Splitting	fig:placeholder	Comparison of splitting fraction versus angle quadrant in ICARUS Run 2. Shown for the $Z=0$ boundary (left), and the West cryostat cathode (left).
Figures/Track-Splitting/ICARUS-Run4_simple_z0_muend_zoom.pdf	Sections/Systematic Uncertainties.tex	Track Splitting	fig:track-split-MCdata-ICARUSRun4	Comparison of muon end points between MC and data in ICARUS Run 4.
Figures/Track-Splitting/ICARUS-Run4_simple_west_muend_zoom.pdf	Sections/Systematic Uncertainties.tex	Track Splitting	fig:track-split-MCdata-ICARUSRun4	Comparison of muon end points between MC and data in ICARUS Run 4.
Figures/Track-Splitting/ICARUS-Run4_simple_east_muend_zoom.pdf	Sections/Systematic Uncertainties.tex	Track Splitting	fig:track-split-MCdata-ICARUSRun4	Comparison of muon end points between MC and data in ICARUS Run 4.
Figures/Track-Splitting/tracksplit_summary_simple.pdf	Sections/Systematic Uncertainties.tex	Track Splitting	fig:track-split-summary	Fraction of muons split and each detector boundary, in ICARUS Runs 2+4.
Figures/Trigger-Systematic/SBND_flash_totalpe.pdf	Sections/Systematic Uncertainties.tex	Trigger	fig:flash-pe-comparison	Comparison of flash PE between MC and data in SBND (left) ICARUS Run 2 (middle) and ICARUS Run 4 (right). The PE scale to match MC to data is reported in the upper-right corner, with an uncertainty.
Figures/Trigger-Systematic/ICARUS_flash_totalpe.pdf	Sections/Systematic Uncertainties.tex	Trigger	fig:flash-pe-comparison	Comparison of flash PE between MC and data in SBND (left) ICARUS Run 2 (middle) and ICARUS Run 4 (right). The PE scale to match MC to data is reported in the upper-right corner, with an uncertainty.
Figures/Trigger-Systematic/ICARUSRun4_flash_totalpe.pdf	Sections/Systematic Uncertainties.tex	Trigger	fig:flash-pe-comparison	Comparison of flash PE between MC and data in SBND (left) ICARUS Run 2 (middle) and ICARUS Run 4 (right). The PE scale to match MC to data is reported in the upper-right corner, with an uncertainty.
Figures/CORSIKA-Sytematic/SBND_pid1p_mu_len_wnorm.pdf	Sections/Systematic Uncertainties.tex	CORSIKA Modeling	fig:CORSIKA-MC-data	Monte Carlo simulation to data comparisons
Figures/CORSIKA-Sytematic/SBND_pid1p_mu_costh_wnorm.pdf	Sections/Systematic Uncertainties.tex	CORSIKA Modeling	fig:CORSIKA-MC-data	Monte Carlo simulation to data comparisons
Figures/CORSIKA-Sytematic/SBND_pid1p_del_p_wnorm.pdf	Sections/Systematic Uncertainties.tex	CORSIKA Modeling	fig:CORSIKA-MC-data	Monte Carlo simulation to data comparisons
Figures/CORSIKA-Sytematic/SBND_pid1p_nu_E_calo_wnorm.pdf	Sections/Systematic Uncertainties.tex	CORSIKA Modeling	fig:CORSIKA-MC-data	Monte Carlo simulation to data comparisons
Figures/Signal-Box-Systematics/SBND_altsamples.pdf	Sections/Systematic Uncertainties.tex	Out of Active Volume (OOAV) Background	fig:AltSamples	Impact of dirt and beam off samples, compared to nominal MC, in SBND (left) and ICARUS (right)
Figures/Signal-Box-Systematics/ICARUS_altsamples.pdf	Sections/Systematic Uncertainties.tex	Out of Active Volume (OOAV) Background	fig:AltSamples	Impact of dirt and beam off samples, compared to nominal MC, in SBND (left) and ICARUS (right)
Figures/Signal-Box-Systematics/flux_correlation.pdf	Sections/Systematic Uncertainties.tex	Impact on Signal Box	fig:signal-box-correlations	Correlation matrices of systematic uncertainties evaluated in the signal box across SBND and ICARUS.
Figures/Signal-Box-Systematics/xsec_correlation.pdf	Sections/Systematic Uncertainties.tex	Impact on Signal Box	fig:signal-box-correlations	Correlation matrices of systematic uncertainties evaluated in the signal box across SBND and ICARUS.
Figures/Signal-Box-Systematics/detector_correlation.pdf	Sections/Systematic Uncertainties.tex	Impact on Signal Box	fig:signal-box-correlations	Correlation matrices of systematic uncertainties evaluated in the signal box across SBND and ICARUS.
Figures/Signal-Box-Systematics/g4_correlation.pdf	Sections/Systematic Uncertainties.tex	Impact on Signal Box	fig:signal-box-correlations	Correlation matrices of systematic uncertainties evaluated in the signal box across SBND and ICARUS.
Figures/Signal-Box-Systematics/SBND_signalbox_systematics.pdf	Sections/Systematic Uncertainties.tex	Impact on Signal Box	fig:signal-box-systs	Size of systematic uncertainties evaluated in the signal box by reconstructed neutrino energy in SBND (left) and ICARUS (right).
Figures/Signal-Box-Systematics/ICARUS_signalbox_systematics.pdf	Sections/Systematic Uncertainties.tex	Impact on Signal Box	fig:signal-box-systs	Size of systematic uncertainties evaluated in the signal box by reconstructed neutrino energy in SBND (left) and ICARUS (right).
Figures/Signal-Box-Systematics/ratio_signalbox_systematics.pdf	Sections/Systematic Uncertainties.tex	Impact on Signal Box	fig:signal-box-systs-ratio	Systematic uncertainty on SBND-ICARUS near-far ratio in the signal box. Shown in terms of reconstructed neutrino energy (left), and unfolded to true neutrino energy (right).
Figures/Signal-Box-Systematics/ratio_signalbox_systematics_trueE.pdf	Sections/Systematic Uncertainties.tex	Impact on Signal Box	fig:signal-box-systs-ratio	Systematic uncertainty on SBND-ICARUS near-far ratio in the signal box. Shown in terms of reconstructed neutrino energy (left), and unfolded to true neutrino energy (right).
Figures/Signal-Box-Systematics/SBND_signalbox_systematics_uncorr.pdf	Sections/Systematic Uncertainties.tex	Impact on Signal Box	fig:signal-box-systs-uncorr	Size of uncorrelated (between detectors) systematic uncertainties evaluated in the signal box by reconstructed neutrino energy in SBND (left) and ICARUS (right).
Figures/Signal-Box-Systematics/ICARUS_signalbox_systematics_uncorr.pdf	Sections/Systematic Uncertainties.tex	Impact on Signal Box	fig:signal-box-systs-uncorr	Size of uncorrelated (between detectors) systematic uncertainties evaluated in the signal box by reconstructed neutrino energy in SBND (left) and ICARUS (right).
Figures/Signal-Box-Systematics/SBND_signalbox_systematics_trueE_uncorr.pdf	Sections/Systematic Uncertainties.tex	Impact on Signal Box	fig:signal-box-systs-uncorr-trueE	Size of uncorrelated (between detectors) systematic uncertainties evaluated in the signal box, unfolded to true neutrino energy in SBND (left) and ICARUS (right).
Figures/Signal-Box-Systematics/ICARUS_signalbox_systematics_trueE_uncorr.pdf	Sections/Systematic Uncertainties.tex	Impact on Signal Box	fig:signal-box-systs-uncorr-trueE	Size of uncorrelated (between detectors) systematic uncertainties evaluated in the signal box, unfolded to true neutrino energy in SBND (left) and ICARUS (right).
Figures/Signal-Box-Systematics/condconstraint_signalbox_systematics.pdf	Sections/Systematic Uncertainties.tex	Impact on Signal Box	fig:signalbox-ICARUS-condconstraint	Systematic uncertainties in ICARUS signal box, shown in terms of reconstructed neutrino energy (left), and unfolded to true neutrino energy (right).
Figures/Signal-Box-Systematics/condconstraint_signalbox_systematics_trueE.pdf	Sections/Systematic Uncertainties.tex	Impact on Signal Box	fig:signalbox-ICARUS-condconstraint	Systematic uncertainties in ICARUS signal box, shown in terms of reconstructed neutrino energy (left), and unfolded to true neutrino energy (right).
Figures/MC-Data-Comparisons/SBND-Area-Norm/SBND_contained_crlongtrkdiry.pdf	Sections/MCDataComparisons.tex		fig:MCData-\Detector-contained-vars	Monte Carlo simulation to data comparison of contained candidate $1\mu1p$ interactions, passing the pre-selection, in \Detector.
Figures/MC-Data-Comparisons/ICARUS-Run2-Area-Norm/ICARUS-Run2_contained_crlongtrkdiry.pdf	Sections/MCDataComparisons.tex		fig:MCData-\Detector-contained-vars	Monte Carlo simulation to data comparison of contained candidate $1\mu1p$ interactions, passing the pre-selection, in \Detector.
Figures/MC-Data-Comparisons/ICARUS-Run4-Area-Norm/ICARUS-Run4_contained_crlongtrkdiry.pdf	Sections/MCDataComparisons.tex		fig:MCData-\Detector-contained-vars	Monte Carlo simulation to data comparison of contained candidate $1\mu1p$ interactions, passing the pre-selection, in \Detector.
Figures/MC-Data-Comparisons/SBND-Area-Norm/SBND_contained_nu_score.pdf	Sections/MCDataComparisons.tex		fig:MCData-\Detector-contained-vars	Monte Carlo simulation to data comparison of contained candidate $1\mu1p$ interactions, passing the pre-selection, in \Detector.
Figures/MC-Data-Comparisons/ICARUS-Run2-Area-Norm/ICARUS-Run2_contained_nu_score.pdf	Sections/MCDataComparisons.tex		fig:MCData-\Detector-contained-vars	Monte Carlo simulation to data comparison of contained candidate $1\mu1p$ interactions, passing the pre-selection, in \Detector.
Figures/MC-Data-Comparisons/ICARUS-Run4-Area-Norm/ICARUS-Run4_contained_nu_score.pdf	Sections/MCDataComparisons.tex		fig:MCData-\Detector-contained-vars	Monte Carlo simulation to data comparison of contained candidate $1\mu1p$ interactions, passing the pre-selection, in \Detector.
Figures/MC-Data-Comparisons/SBND-Area-Norm/SBND_contained_othr_pfp_length.pdf	Sections/MCDataComparisons.tex		fig:MCData-\Detector-contained-vars	Monte Carlo simulation to data comparison of contained candidate $1\mu1p$ interactions, passing the pre-selection, in \Detector.
Figures/MC-Data-Comparisons/ICARUS-Run2-Area-Norm/ICARUS-Run2_contained_othr_pfp_length.pdf	Sections/MCDataComparisons.tex		fig:MCData-\Detector-contained-vars	Monte Carlo simulation to data comparison of contained candidate $1\mu1p$ interactions, passing the pre-selection, in \Detector.
Figures/MC-Data-Comparisons/ICARUS-Run4-Area-Norm/ICARUS-Run4_contained_othr_pfp_length.pdf	Sections/MCDataComparisons.tex		fig:MCData-\Detector-contained-vars	Monte Carlo simulation to data comparison of contained candidate $1\mu1p$ interactions, passing the pre-selection, in \Detector.
Figures/MC-Data-Comparisons/SBND-Area-Norm/SBND_contained_n_shower.pdf	Sections/MCDataComparisons.tex		fig:MCData-\Detector-contained-vars	Monte Carlo simulation to data comparison of contained candidate $1\mu1p$ interactions, passing the pre-selection, in \Detector.
Figures/MC-Data-Comparisons/ICARUS-Run2-Area-Norm/ICARUS-Run2_contained_n_shower.pdf	Sections/MCDataComparisons.tex		fig:MCData-\Detector-contained-vars	Monte Carlo simulation to data comparison of contained candidate $1\mu1p$ interactions, passing the pre-selection, in \Detector.
Figures/MC-Data-Comparisons/ICARUS-Run4-Area-Norm/ICARUS-Run4_contained_n_shower.pdf	Sections/MCDataComparisons.tex		fig:MCData-\Detector-contained-vars	Monte Carlo simulation to data comparison of contained candidate $1\mu1p$ interactions, passing the pre-selection, in \Detector.
Figures/MC-Data-Comparisons/SBND-Area-Norm/SBND_contained_mu_chi2_of_mu_cand.pdf	Sections/MCDataComparisons.tex		fig:MCData-\Detector-contained-PIDvars	Monte Carlo simulation to data comparison of contained candidate $1\mu1p$ interactions, passing the pre-selection, in PID variables in \Detector.
Figures/MC-Data-Comparisons/ICARUS-Run2-Area-Norm/ICARUS-Run2_contained_mu_chi2_of_mu_cand.pdf	Sections/MCDataComparisons.tex		fig:MCData-\Detector-contained-PIDvars	Monte Carlo simulation to data comparison of contained candidate $1\mu1p$ interactions, passing the pre-selection, in PID variables in \Detector.
Figures/MC-Data-Comparisons/ICARUS-Run4-Area-Norm/ICARUS-Run4_contained_mu_chi2_of_mu_cand.pdf	Sections/MCDataComparisons.tex		fig:MCData-\Detector-contained-PIDvars	Monte Carlo simulation to data comparison of contained candidate $1\mu1p$ interactions, passing the pre-selection, in PID variables in \Detector.
Figures/MC-Data-Comparisons/SBND-Area-Norm/SBND_contained_prot_chi2_of_mu_cand.pdf	Sections/MCDataComparisons.tex		fig:MCData-\Detector-contained-PIDvars	Monte Carlo simulation to data comparison of contained candidate $1\mu1p$ interactions, passing the pre-selection, in PID variables in \Detector.
Figures/MC-Data-Comparisons/ICARUS-Run2-Area-Norm/ICARUS-Run2_contained_prot_chi2_of_mu_cand.pdf	Sections/MCDataComparisons.tex		fig:MCData-\Detector-contained-PIDvars	Monte Carlo simulation to data comparison of contained candidate $1\mu1p$ interactions, passing the pre-selection, in PID variables in \Detector.
Figures/MC-Data-Comparisons/ICARUS-Run4-Area-Norm/ICARUS-Run4_contained_prot_chi2_of_mu_cand.pdf	Sections/MCDataComparisons.tex		fig:MCData-\Detector-contained-PIDvars	Monte Carlo simulation to data comparison of contained candidate $1\mu1p$ interactions, passing the pre-selection, in PID variables in \Detector.
Figures/MC-Data-Comparisons/SBND-Area-Norm/SBND_contained_mu_chi2_of_prot_cand.pdf	Sections/MCDataComparisons.tex		fig:MCData-\Detector-contained-PIDvars	Monte Carlo simulation to data comparison of contained candidate $1\mu1p$ interactions, passing the pre-selection, in PID variables in \Detector.
Figures/MC-Data-Comparisons/ICARUS-Run2-Area-Norm/ICARUS-Run2_contained_mu_chi2_of_prot_cand.pdf	Sections/MCDataComparisons.tex		fig:MCData-\Detector-contained-PIDvars	Monte Carlo simulation to data comparison of contained candidate $1\mu1p$ interactions, passing the pre-selection, in PID variables in \Detector.
Figures/MC-Data-Comparisons/ICARUS-Run4-Area-Norm/ICARUS-Run4_contained_mu_chi2_of_prot_cand.pdf	Sections/MCDataComparisons.tex		fig:MCData-\Detector-contained-PIDvars	Monte Carlo simulation to data comparison of contained candidate $1\mu1p$ interactions, passing the pre-selection, in PID variables in \Detector.
Figures/MC-Data-Comparisons/SBND-Area-Norm/SBND_contained_prot_chi2_of_prot_cand.pdf	Sections/MCDataComparisons.tex		fig:MCData-\Detector-contained-PIDvars	Monte Carlo simulation to data comparison of contained candidate $1\mu1p$ interactions, passing the pre-selection, in PID variables in \Detector.
Figures/MC-Data-Comparisons/ICARUS-Run2-Area-Norm/ICARUS-Run2_contained_prot_chi2_of_prot_cand.pdf	Sections/MCDataComparisons.tex		fig:MCData-\Detector-contained-PIDvars	Monte Carlo simulation to data comparison of contained candidate $1\mu1p$ interactions, passing the pre-selection, in PID variables in \Detector.
Figures/MC-Data-Comparisons/ICARUS-Run4-Area-Norm/ICARUS-Run4_contained_prot_chi2_of_prot_cand.pdf	Sections/MCDataComparisons.tex		fig:MCData-\Detector-contained-PIDvars	Monte Carlo simulation to data comparison of contained candidate $1\mu1p$ interactions, passing the pre-selection, in PID variables in \Detector.
Figures/MC-Data-Comparisons/SBND-Area-Norm/SBND_contained_del_p.pdf	Sections/MCDataComparisons.tex		fig:MCData-\Detector-contained-kinvars	Monte Carlo simulation to data comparison of contained candidate $1\mu1p$ interactions, passing the two-prong cut, in kinematic variables in \Detector.
Figures/MC-Data-Comparisons/ICARUS-Run2-Area-Norm/ICARUS-Run2_contained_del_p.pdf	Sections/MCDataComparisons.tex		fig:MCData-\Detector-contained-kinvars	Monte Carlo simulation to data comparison of contained candidate $1\mu1p$ interactions, passing the two-prong cut, in kinematic variables in \Detector.
Figures/MC-Data-Comparisons/ICARUS-Run4-Area-Norm/ICARUS-Run4_contained_del_p.pdf	Sections/MCDataComparisons.tex		fig:MCData-\Detector-contained-kinvars	Monte Carlo simulation to data comparison of contained candidate $1\mu1p$ interactions, passing the two-prong cut, in kinematic variables in \Detector.
Figures/MC-Data-Comparisons/SBND-Area-Norm/SBND_contained_p_len.pdf	Sections/MCDataComparisons.tex		fig:MCData-\Detector-contained-kinvars	Monte Carlo simulation to data comparison of contained candidate $1\mu1p$ interactions, passing the two-prong cut, in kinematic variables in \Detector.
Figures/MC-Data-Comparisons/ICARUS-Run2-Area-Norm/ICARUS-Run2_contained_p_len.pdf	Sections/MCDataComparisons.tex		fig:MCData-\Detector-contained-kinvars	Monte Carlo simulation to data comparison of contained candidate $1\mu1p$ interactions, passing the two-prong cut, in kinematic variables in \Detector.
Figures/MC-Data-Comparisons/ICARUS-Run4-Area-Norm/ICARUS-Run4_contained_p_len.pdf	Sections/MCDataComparisons.tex		fig:MCData-\Detector-contained-kinvars	Monte Carlo simulation to data comparison of contained candidate $1\mu1p$ interactions, passing the two-prong cut, in kinematic variables in \Detector.
Figures/MC-Data-Comparisons/SBND-Area-Norm/SBND_twoprongcut_crlongtrkdiry.pdf	Sections/MCDataComparisons.tex		fig:MCData-\Detector-twoprongcut-vars	Monte Carlo simulation to data comparison of contained candidate $1\mu1p$ interactions, passing the two-prong cut, in \Detector.
Figures/MC-Data-Comparisons/ICARUS-Run2-Area-Norm/ICARUS-Run2_twoprongcut_crlongtrkdiry.pdf	Sections/MCDataComparisons.tex		fig:MCData-\Detector-twoprongcut-vars	Monte Carlo simulation to data comparison of contained candidate $1\mu1p$ interactions, passing the two-prong cut, in \Detector.
Figures/MC-Data-Comparisons/ICARUS-Run4-Area-Norm/ICARUS-Run4_twoprongcut_crlongtrkdiry.pdf	Sections/MCDataComparisons.tex		fig:MCData-\Detector-twoprongcut-vars	Monte Carlo simulation to data comparison of contained candidate $1\mu1p$ interactions, passing the two-prong cut, in \Detector.
Figures/MC-Data-Comparisons/SBND-Area-Norm/SBND_twoprongcut_nu_score.pdf	Sections/MCDataComparisons.tex		fig:MCData-\Detector-twoprongcut-vars	Monte Carlo simulation to data comparison of contained candidate $1\mu1p$ interactions, passing the two-prong cut, in \Detector.
Figures/MC-Data-Comparisons/ICARUS-Run2-Area-Norm/ICARUS-Run2_twoprongcut_nu_score.pdf	Sections/MCDataComparisons.tex		fig:MCData-\Detector-twoprongcut-vars	Monte Carlo simulation to data comparison of contained candidate $1\mu1p$ interactions, passing the two-prong cut, in \Detector.
Figures/MC-Data-Comparisons/ICARUS-Run4-Area-Norm/ICARUS-Run4_twoprongcut_nu_score.pdf	Sections/MCDataComparisons.tex		fig:MCData-\Detector-twoprongcut-vars	Monte Carlo simulation to data comparison of contained candidate $1\mu1p$ interactions, passing the two-prong cut, in \Detector.
Figures/MC-Data-Comparisons/SBND-Area-Norm/SBND_twoprongcut_othr_pfp_length.pdf	Sections/MCDataComparisons.tex		fig:MCData-\Detector-twoprongcut-vars	Monte Carlo simulation to data comparison of contained candidate $1\mu1p$ interactions, passing the two-prong cut, in \Detector.
Figures/MC-Data-Comparisons/ICARUS-Run2-Area-Norm/ICARUS-Run2_twoprongcut_othr_pfp_length.pdf	Sections/MCDataComparisons.tex		fig:MCData-\Detector-twoprongcut-vars	Monte Carlo simulation to data comparison of contained candidate $1\mu1p$ interactions, passing the two-prong cut, in \Detector.
Figures/MC-Data-Comparisons/ICARUS-Run4-Area-Norm/ICARUS-Run4_twoprongcut_othr_pfp_length.pdf	Sections/MCDataComparisons.tex		fig:MCData-\Detector-twoprongcut-vars	Monte Carlo simulation to data comparison of contained candidate $1\mu1p$ interactions, passing the two-prong cut, in \Detector.
Figures/MC-Data-Comparisons/SBND-Area-Norm/SBND_twoprongcut_n_shower.pdf	Sections/MCDataComparisons.tex		fig:MCData-\Detector-twoprongcut-vars	Monte Carlo simulation to data comparison of contained candidate $1\mu1p$ interactions, passing the two-prong cut, in \Detector.
Figures/MC-Data-Comparisons/ICARUS-Run2-Area-Norm/ICARUS-Run2_twoprongcut_n_shower.pdf	Sections/MCDataComparisons.tex		fig:MCData-\Detector-twoprongcut-vars	Monte Carlo simulation to data comparison of contained candidate $1\mu1p$ interactions, passing the two-prong cut, in \Detector.
Figures/MC-Data-Comparisons/ICARUS-Run4-Area-Norm/ICARUS-Run4_twoprongcut_n_shower.pdf	Sections/MCDataComparisons.tex		fig:MCData-\Detector-twoprongcut-vars	Monte Carlo simulation to data comparison of contained candidate $1\mu1p$ interactions, passing the two-prong cut, in \Detector.
Figures/MC-Data-Comparisons/SBND-Area-Norm/SBND_twoprongcut_mu_chi2_of_mu_cand.pdf	Sections/MCDataComparisons.tex		fig:MCData-\Detector-twoprongcut-PIDvars	Monte Carlo simulation to data comparison of contained candidate $1\mu1p$ interactions, passing the two-prong cut, in PID variables in \Detector.
Figures/MC-Data-Comparisons/ICARUS-Run2-Area-Norm/ICARUS-Run2_twoprongcut_mu_chi2_of_mu_cand.pdf	Sections/MCDataComparisons.tex		fig:MCData-\Detector-twoprongcut-PIDvars	Monte Carlo simulation to data comparison of contained candidate $1\mu1p$ interactions, passing the two-prong cut, in PID variables in \Detector.
Figures/MC-Data-Comparisons/ICARUS-Run4-Area-Norm/ICARUS-Run4_twoprongcut_mu_chi2_of_mu_cand.pdf	Sections/MCDataComparisons.tex		fig:MCData-\Detector-twoprongcut-PIDvars	Monte Carlo simulation to data comparison of contained candidate $1\mu1p$ interactions, passing the two-prong cut, in PID variables in \Detector.
Figures/MC-Data-Comparisons/SBND-Area-Norm/SBND_twoprongcut_prot_chi2_of_mu_cand.pdf	Sections/MCDataComparisons.tex		fig:MCData-\Detector-twoprongcut-PIDvars	Monte Carlo simulation to data comparison of contained candidate $1\mu1p$ interactions, passing the two-prong cut, in PID variables in \Detector.
Figures/MC-Data-Comparisons/ICARUS-Run2-Area-Norm/ICARUS-Run2_twoprongcut_prot_chi2_of_mu_cand.pdf	Sections/MCDataComparisons.tex		fig:MCData-\Detector-twoprongcut-PIDvars	Monte Carlo simulation to data comparison of contained candidate $1\mu1p$ interactions, passing the two-prong cut, in PID variables in \Detector.
Figures/MC-Data-Comparisons/ICARUS-Run4-Area-Norm/ICARUS-Run4_twoprongcut_prot_chi2_of_mu_cand.pdf	Sections/MCDataComparisons.tex		fig:MCData-\Detector-twoprongcut-PIDvars	Monte Carlo simulation to data comparison of contained candidate $1\mu1p$ interactions, passing the two-prong cut, in PID variables in \Detector.
Figures/MC-Data-Comparisons/SBND-Area-Norm/SBND_twoprongcut_mu_chi2_of_prot_cand.pdf	Sections/MCDataComparisons.tex		fig:MCData-\Detector-twoprongcut-PIDvars	Monte Carlo simulation to data comparison of contained candidate $1\mu1p$ interactions, passing the two-prong cut, in PID variables in \Detector.
Figures/MC-Data-Comparisons/ICARUS-Run2-Area-Norm/ICARUS-Run2_twoprongcut_mu_chi2_of_prot_cand.pdf	Sections/MCDataComparisons.tex		fig:MCData-\Detector-twoprongcut-PIDvars	Monte Carlo simulation to data comparison of contained candidate $1\mu1p$ interactions, passing the two-prong cut, in PID variables in \Detector.
Figures/MC-Data-Comparisons/ICARUS-Run4-Area-Norm/ICARUS-Run4_twoprongcut_mu_chi2_of_prot_cand.pdf	Sections/MCDataComparisons.tex		fig:MCData-\Detector-twoprongcut-PIDvars	Monte Carlo simulation to data comparison of contained candidate $1\mu1p$ interactions, passing the two-prong cut, in PID variables in \Detector.
Figures/MC-Data-Comparisons/SBND-Area-Norm/SBND_twoprongcut_prot_chi2_of_prot_cand.pdf	Sections/MCDataComparisons.tex		fig:MCData-\Detector-twoprongcut-PIDvars	Monte Carlo simulation to data comparison of contained candidate $1\mu1p$ interactions, passing the two-prong cut, in PID variables in \Detector.
Figures/MC-Data-Comparisons/ICARUS-Run2-Area-Norm/ICARUS-Run2_twoprongcut_prot_chi2_of_prot_cand.pdf	Sections/MCDataComparisons.tex		fig:MCData-\Detector-twoprongcut-PIDvars	Monte Carlo simulation to data comparison of contained candidate $1\mu1p$ interactions, passing the two-prong cut, in PID variables in \Detector.
Figures/MC-Data-Comparisons/ICARUS-Run4-Area-Norm/ICARUS-Run4_twoprongcut_prot_chi2_of_prot_cand.pdf	Sections/MCDataComparisons.tex		fig:MCData-\Detector-twoprongcut-PIDvars	Monte Carlo simulation to data comparison of contained candidate $1\mu1p$ interactions, passing the two-prong cut, in PID variables in \Detector.
Figures/MC-Data-Comparisons/SBND-Area-Norm/SBND_twoprongcut_del_p.pdf	Sections/MCDataComparisons.tex		fig:MCData-\Detector-twoprongcut-kinvars	Monte Carlo simulation to data comparison of contained candidate $1\mu1p$ interactions, passing the pre-selection, in kinematic variables in \Detector.
Figures/MC-Data-Comparisons/ICARUS-Run2-Area-Norm/ICARUS-Run2_twoprongcut_del_p.pdf	Sections/MCDataComparisons.tex		fig:MCData-\Detector-twoprongcut-kinvars	Monte Carlo simulation to data comparison of contained candidate $1\mu1p$ interactions, passing the pre-selection, in kinematic variables in \Detector.
Figures/MC-Data-Comparisons/ICARUS-Run4-Area-Norm/ICARUS-Run4_twoprongcut_del_p.pdf	Sections/MCDataComparisons.tex		fig:MCData-\Detector-twoprongcut-kinvars	Monte Carlo simulation to data comparison of contained candidate $1\mu1p$ interactions, passing the pre-selection, in kinematic variables in \Detector.
Figures/MC-Data-Comparisons/SBND-Area-Norm/SBND_twoprongcut_p_len.pdf	Sections/MCDataComparisons.tex		fig:MCData-\Detector-twoprongcut-kinvars	Monte Carlo simulation to data comparison of contained candidate $1\mu1p$ interactions, passing the pre-selection, in kinematic variables in \Detector.
Figures/MC-Data-Comparisons/ICARUS-Run2-Area-Norm/ICARUS-Run2_twoprongcut_p_len.pdf	Sections/MCDataComparisons.tex		fig:MCData-\Detector-twoprongcut-kinvars	Monte Carlo simulation to data comparison of contained candidate $1\mu1p$ interactions, passing the pre-selection, in kinematic variables in \Detector.
Figures/MC-Data-Comparisons/ICARUS-Run4-Area-Norm/ICARUS-Run4_twoprongcut_p_len.pdf	Sections/MCDataComparisons.tex		fig:MCData-\Detector-twoprongcut-kinvars	Monte Carlo simulation to data comparison of contained candidate $1\mu1p$ interactions, passing the pre-selection, in kinematic variables in \Detector.
Figures/MC-Data-Comparisons/SBND-Area-Norm/SBND_pid1p_crlongtrkdiry.pdf	Sections/MCDataComparisons.tex		fig:MCData-\Detector-pidcuts-vars	Monte Carlo simulation to data comparison of contained candidate $1\mu1p$ interactions, passing the PID cuts, in \Detector.
Figures/MC-Data-Comparisons/ICARUS-Run2-Area-Norm/ICARUS-Run2_pid1p_crlongtrkdiry.pdf	Sections/MCDataComparisons.tex		fig:MCData-\Detector-pidcuts-vars	Monte Carlo simulation to data comparison of contained candidate $1\mu1p$ interactions, passing the PID cuts, in \Detector.
Figures/MC-Data-Comparisons/ICARUS-Run4-Area-Norm/ICARUS-Run4_pid1p_crlongtrkdiry.pdf	Sections/MCDataComparisons.tex		fig:MCData-\Detector-pidcuts-vars	Monte Carlo simulation to data comparison of contained candidate $1\mu1p$ interactions, passing the PID cuts, in \Detector.
Figures/MC-Data-Comparisons/SBND-Area-Norm/SBND_pid1p_nu_score.pdf	Sections/MCDataComparisons.tex		fig:MCData-\Detector-pidcuts-vars	Monte Carlo simulation to data comparison of contained candidate $1\mu1p$ interactions, passing the PID cuts, in \Detector.
Figures/MC-Data-Comparisons/ICARUS-Run2-Area-Norm/ICARUS-Run2_pid1p_nu_score.pdf	Sections/MCDataComparisons.tex		fig:MCData-\Detector-pidcuts-vars	Monte Carlo simulation to data comparison of contained candidate $1\mu1p$ interactions, passing the PID cuts, in \Detector.
Figures/MC-Data-Comparisons/ICARUS-Run4-Area-Norm/ICARUS-Run4_pid1p_nu_score.pdf	Sections/MCDataComparisons.tex		fig:MCData-\Detector-pidcuts-vars	Monte Carlo simulation to data comparison of contained candidate $1\mu1p$ interactions, passing the PID cuts, in \Detector.
Figures/MC-Data-Comparisons/SBND-Area-Norm/SBND_pid1p_othr_pfp_length.pdf	Sections/MCDataComparisons.tex		fig:MCData-\Detector-pidcuts-vars	Monte Carlo simulation to data comparison of contained candidate $1\mu1p$ interactions, passing the PID cuts, in \Detector.
Figures/MC-Data-Comparisons/ICARUS-Run2-Area-Norm/ICARUS-Run2_pid1p_othr_pfp_length.pdf	Sections/MCDataComparisons.tex		fig:MCData-\Detector-pidcuts-vars	Monte Carlo simulation to data comparison of contained candidate $1\mu1p$ interactions, passing the PID cuts, in \Detector.
Figures/MC-Data-Comparisons/ICARUS-Run4-Area-Norm/ICARUS-Run4_pid1p_othr_pfp_length.pdf	Sections/MCDataComparisons.tex		fig:MCData-\Detector-pidcuts-vars	Monte Carlo simulation to data comparison of contained candidate $1\mu1p$ interactions, passing the PID cuts, in \Detector.
Figures/MC-Data-Comparisons/SBND-Area-Norm/SBND_pid1p_n_shower.pdf	Sections/MCDataComparisons.tex		fig:MCData-\Detector-pidcuts-vars	Monte Carlo simulation to data comparison of contained candidate $1\mu1p$ interactions, passing the PID cuts, in \Detector.
Figures/MC-Data-Comparisons/ICARUS-Run2-Area-Norm/ICARUS-Run2_pid1p_n_shower.pdf	Sections/MCDataComparisons.tex		fig:MCData-\Detector-pidcuts-vars	Monte Carlo simulation to data comparison of contained candidate $1\mu1p$ interactions, passing the PID cuts, in \Detector.
Figures/MC-Data-Comparisons/ICARUS-Run4-Area-Norm/ICARUS-Run4_pid1p_n_shower.pdf	Sections/MCDataComparisons.tex		fig:MCData-\Detector-pidcuts-vars	Monte Carlo simulation to data comparison of contained candidate $1\mu1p$ interactions, passing the PID cuts, in \Detector.
Figures/MC-Data-Comparisons/SBND-Area-Norm/SBND_pid1p_mu_chi2_of_mu_cand.pdf	Sections/MCDataComparisons.tex		fig:MCData-\Detector-pidcuts-PIDvars	Monte Carlo simulation to data comparison of contained candidate $1\mu1p$ interactions, passing the PID cuts, in PID variables in \Detector.
Figures/MC-Data-Comparisons/ICARUS-Run2-Area-Norm/ICARUS-Run2_pid1p_mu_chi2_of_mu_cand.pdf	Sections/MCDataComparisons.tex		fig:MCData-\Detector-pidcuts-PIDvars	Monte Carlo simulation to data comparison of contained candidate $1\mu1p$ interactions, passing the PID cuts, in PID variables in \Detector.
Figures/MC-Data-Comparisons/ICARUS-Run4-Area-Norm/ICARUS-Run4_pid1p_mu_chi2_of_mu_cand.pdf	Sections/MCDataComparisons.tex		fig:MCData-\Detector-pidcuts-PIDvars	Monte Carlo simulation to data comparison of contained candidate $1\mu1p$ interactions, passing the PID cuts, in PID variables in \Detector.
Figures/MC-Data-Comparisons/SBND-Area-Norm/SBND_pid1p_prot_chi2_of_mu_cand.pdf	Sections/MCDataComparisons.tex		fig:MCData-\Detector-pidcuts-PIDvars	Monte Carlo simulation to data comparison of contained candidate $1\mu1p$ interactions, passing the PID cuts, in PID variables in \Detector.
Figures/MC-Data-Comparisons/ICARUS-Run2-Area-Norm/ICARUS-Run2_pid1p_prot_chi2_of_mu_cand.pdf	Sections/MCDataComparisons.tex		fig:MCData-\Detector-pidcuts-PIDvars	Monte Carlo simulation to data comparison of contained candidate $1\mu1p$ interactions, passing the PID cuts, in PID variables in \Detector.
Figures/MC-Data-Comparisons/ICARUS-Run4-Area-Norm/ICARUS-Run4_pid1p_prot_chi2_of_mu_cand.pdf	Sections/MCDataComparisons.tex		fig:MCData-\Detector-pidcuts-PIDvars	Monte Carlo simulation to data comparison of contained candidate $1\mu1p$ interactions, passing the PID cuts, in PID variables in \Detector.
Figures/MC-Data-Comparisons/SBND-Area-Norm/SBND_pid1p_mu_chi2_of_prot_cand.pdf	Sections/MCDataComparisons.tex		fig:MCData-\Detector-pidcuts-PIDvars	Monte Carlo simulation to data comparison of contained candidate $1\mu1p$ interactions, passing the PID cuts, in PID variables in \Detector.
Figures/MC-Data-Comparisons/ICARUS-Run2-Area-Norm/ICARUS-Run2_pid1p_mu_chi2_of_prot_cand.pdf	Sections/MCDataComparisons.tex		fig:MCData-\Detector-pidcuts-PIDvars	Monte Carlo simulation to data comparison of contained candidate $1\mu1p$ interactions, passing the PID cuts, in PID variables in \Detector.
Figures/MC-Data-Comparisons/ICARUS-Run4-Area-Norm/ICARUS-Run4_pid1p_mu_chi2_of_prot_cand.pdf	Sections/MCDataComparisons.tex		fig:MCData-\Detector-pidcuts-PIDvars	Monte Carlo simulation to data comparison of contained candidate $1\mu1p$ interactions, passing the PID cuts, in PID variables in \Detector.
Figures/MC-Data-Comparisons/SBND-Area-Norm/SBND_pid1p_prot_chi2_of_prot_cand.pdf	Sections/MCDataComparisons.tex		fig:MCData-\Detector-pidcuts-PIDvars	Monte Carlo simulation to data comparison of contained candidate $1\mu1p$ interactions, passing the PID cuts, in PID variables in \Detector.
Figures/MC-Data-Comparisons/ICARUS-Run2-Area-Norm/ICARUS-Run2_pid1p_prot_chi2_of_prot_cand.pdf	Sections/MCDataComparisons.tex		fig:MCData-\Detector-pidcuts-PIDvars	Monte Carlo simulation to data comparison of contained candidate $1\mu1p$ interactions, passing the PID cuts, in PID variables in \Detector.
Figures/MC-Data-Comparisons/ICARUS-Run4-Area-Norm/ICARUS-Run4_pid1p_prot_chi2_of_prot_cand.pdf	Sections/MCDataComparisons.tex		fig:MCData-\Detector-pidcuts-PIDvars	Monte Carlo simulation to data comparison of contained candidate $1\mu1p$ interactions, passing the PID cuts, in PID variables in \Detector.
Figures/MC-Data-Comparisons/SBND-Area-Norm/SBND_pid1p_mu_costh.pdf	Sections/MCDataComparisons.tex		fig:MCData-\Detector-pidcuts-costh	Monte Carlo simulation to data comparison of contained candidate $1\mu1p$ interactions, passing the PID cuts, in muon and proton beam angles \Detector.
Figures/MC-Data-Comparisons/ICARUS-Run2-Area-Norm/ICARUS-Run2_pid1p_mu_costh.pdf	Sections/MCDataComparisons.tex		fig:MCData-\Detector-pidcuts-costh	Monte Carlo simulation to data comparison of contained candidate $1\mu1p$ interactions, passing the PID cuts, in muon and proton beam angles \Detector.
Figures/MC-Data-Comparisons/ICARUS-Run4-Area-Norm/ICARUS-Run4_pid1p_mu_costh.pdf	Sections/MCDataComparisons.tex		fig:MCData-\Detector-pidcuts-costh	Monte Carlo simulation to data comparison of contained candidate $1\mu1p$ interactions, passing the PID cuts, in muon and proton beam angles \Detector.
Figures/MC-Data-Comparisons/SBND-Area-Norm/SBND_pid1p_p_costh.pdf	Sections/MCDataComparisons.tex		fig:MCData-\Detector-pidcuts-costh	Monte Carlo simulation to data comparison of contained candidate $1\mu1p$ interactions, passing the PID cuts, in muon and proton beam angles \Detector.
Figures/MC-Data-Comparisons/ICARUS-Run2-Area-Norm/ICARUS-Run2_pid1p_p_costh.pdf	Sections/MCDataComparisons.tex		fig:MCData-\Detector-pidcuts-costh	Monte Carlo simulation to data comparison of contained candidate $1\mu1p$ interactions, passing the PID cuts, in muon and proton beam angles \Detector.
Figures/MC-Data-Comparisons/ICARUS-Run4-Area-Norm/ICARUS-Run4_pid1p_p_costh.pdf	Sections/MCDataComparisons.tex		fig:MCData-\Detector-pidcuts-costh	Monte Carlo simulation to data comparison of contained candidate $1\mu1p$ interactions, passing the PID cuts, in muon and proton beam angles \Detector.
Figures/MC-Data-Comparisons/SBND-Area-Norm/SBND_pid1p_mu_phi.pdf	Sections/MCDataComparisons.tex		fig:MCData-\Detector-pidcuts-phi	Monte Carlo simulation to data comparison of contained candidate $1\mu1p$ interactions, passing the PID cuts, in muon and proton $\phi$ angles \Detector.
Figures/MC-Data-Comparisons/ICARUS-Run2-Area-Norm/ICARUS-Run2_pid1p_mu_phi.pdf	Sections/MCDataComparisons.tex		fig:MCData-\Detector-pidcuts-phi	Monte Carlo simulation to data comparison of contained candidate $1\mu1p$ interactions, passing the PID cuts, in muon and proton $\phi$ angles \Detector.
Figures/MC-Data-Comparisons/ICARUS-Run4-Area-Norm/ICARUS-Run4_pid1p_mu_phi.pdf	Sections/MCDataComparisons.tex		fig:MCData-\Detector-pidcuts-phi	Monte Carlo simulation to data comparison of contained candidate $1\mu1p$ interactions, passing the PID cuts, in muon and proton $\phi$ angles \Detector.
Figures/MC-Data-Comparisons/SBND-Area-Norm/SBND_pid1p_p_phi.pdf	Sections/MCDataComparisons.tex		fig:MCData-\Detector-pidcuts-phi	Monte Carlo simulation to data comparison of contained candidate $1\mu1p$ interactions, passing the PID cuts, in muon and proton $\phi$ angles \Detector.
Figures/MC-Data-Comparisons/ICARUS-Run2-Area-Norm/ICARUS-Run2_pid1p_p_phi.pdf	Sections/MCDataComparisons.tex		fig:MCData-\Detector-pidcuts-phi	Monte Carlo simulation to data comparison of contained candidate $1\mu1p$ interactions, passing the PID cuts, in muon and proton $\phi$ angles \Detector.
Figures/MC-Data-Comparisons/ICARUS-Run4-Area-Norm/ICARUS-Run4_pid1p_p_phi.pdf	Sections/MCDataComparisons.tex		fig:MCData-\Detector-pidcuts-phi	Monte Carlo simulation to data comparison of contained candidate $1\mu1p$ interactions, passing the PID cuts, in muon and proton $\phi$ angles \Detector.
Figures/MC-Data-Comparisons/SBND-Area-Norm/SBND_pid1p_del_p.pdf	Sections/MCDataComparisons.tex		fig:MCData-\Detector-pidcuts-kinvars	Monte Carlo simulation to data comparison of contained candidate $1\mu1p$ interactions, passing the PID cuts, in kinematic variables in \Detector.
Figures/MC-Data-Comparisons/ICARUS-Run2-Area-Norm/ICARUS-Run2_pid1p_del_p.pdf	Sections/MCDataComparisons.tex		fig:MCData-\Detector-pidcuts-kinvars	Monte Carlo simulation to data comparison of contained candidate $1\mu1p$ interactions, passing the PID cuts, in kinematic variables in \Detector.
Figures/MC-Data-Comparisons/ICARUS-Run4-Area-Norm/ICARUS-Run4_pid1p_del_p.pdf	Sections/MCDataComparisons.tex		fig:MCData-\Detector-pidcuts-kinvars	Monte Carlo simulation to data comparison of contained candidate $1\mu1p$ interactions, passing the PID cuts, in kinematic variables in \Detector.
Figures/MC-Data-Comparisons/SBND-Area-Norm/SBND_pid1p_p_len.pdf	Sections/MCDataComparisons.tex		fig:MCData-\Detector-pidcuts-kinvars	Monte Carlo simulation to data comparison of contained candidate $1\mu1p$ interactions, passing the PID cuts, in kinematic variables in \Detector.
Figures/MC-Data-Comparisons/ICARUS-Run2-Area-Norm/ICARUS-Run2_pid1p_p_len.pdf	Sections/MCDataComparisons.tex		fig:MCData-\Detector-pidcuts-kinvars	Monte Carlo simulation to data comparison of contained candidate $1\mu1p$ interactions, passing the PID cuts, in kinematic variables in \Detector.
Figures/MC-Data-Comparisons/ICARUS-Run4-Area-Norm/ICARUS-Run4_pid1p_p_len.pdf	Sections/MCDataComparisons.tex		fig:MCData-\Detector-pidcuts-kinvars	Monte Carlo simulation to data comparison of contained candidate $1\mu1p$ interactions, passing the PID cuts, in kinematic variables in \Detector.
Figures/MC-Data-Comparisons/SBND-Area-Norm/SBND_pid1p_slc_vtx_x.pdf	Sections/MCDataComparisons.tex		fig:MCData-\Detector-pidcuts-vtx	Monte Carlo simulation to data comparison of contained candidate $1\mu1p$ interactions, passing the PID cuts, of interaction vertex distributions in \Detector.
Figures/MC-Data-Comparisons/ICARUS-Run2-Area-Norm/ICARUS-Run2_pid1p_slc_vtx_x.pdf	Sections/MCDataComparisons.tex		fig:MCData-\Detector-pidcuts-vtx	Monte Carlo simulation to data comparison of contained candidate $1\mu1p$ interactions, passing the PID cuts, of interaction vertex distributions in \Detector.
Figures/MC-Data-Comparisons/ICARUS-Run4-Area-Norm/ICARUS-Run4_pid1p_slc_vtx_x.pdf	Sections/MCDataComparisons.tex		fig:MCData-\Detector-pidcuts-vtx	Monte Carlo simulation to data comparison of contained candidate $1\mu1p$ interactions, passing the PID cuts, of interaction vertex distributions in \Detector.
Figures/MC-Data-Comparisons/SBND-Area-Norm/SBND_pid1p_slc_vtx_y.pdf	Sections/MCDataComparisons.tex		fig:MCData-\Detector-pidcuts-vtx	Monte Carlo simulation to data comparison of contained candidate $1\mu1p$ interactions, passing the PID cuts, of interaction vertex distributions in \Detector.
Figures/MC-Data-Comparisons/ICARUS-Run2-Area-Norm/ICARUS-Run2_pid1p_slc_vtx_y.pdf	Sections/MCDataComparisons.tex		fig:MCData-\Detector-pidcuts-vtx	Monte Carlo simulation to data comparison of contained candidate $1\mu1p$ interactions, passing the PID cuts, of interaction vertex distributions in \Detector.
Figures/MC-Data-Comparisons/ICARUS-Run4-Area-Norm/ICARUS-Run4_pid1p_slc_vtx_y.pdf	Sections/MCDataComparisons.tex		fig:MCData-\Detector-pidcuts-vtx	Monte Carlo simulation to data comparison of contained candidate $1\mu1p$ interactions, passing the PID cuts, of interaction vertex distributions in \Detector.
Figures/MC-Data-Comparisons/SBND-Area-Norm/SBND_pid1p_slc_vtx_z.pdf	Sections/MCDataComparisons.tex		fig:MCData-\Detector-pidcuts-vtx	Monte Carlo simulation to data comparison of contained candidate $1\mu1p$ interactions, passing the PID cuts, of interaction vertex distributions in \Detector.
Figures/MC-Data-Comparisons/ICARUS-Run2-Area-Norm/ICARUS-Run2_pid1p_slc_vtx_z.pdf	Sections/MCDataComparisons.tex		fig:MCData-\Detector-pidcuts-vtx	Monte Carlo simulation to data comparison of contained candidate $1\mu1p$ interactions, passing the PID cuts, of interaction vertex distributions in \Detector.
Figures/MC-Data-Comparisons/ICARUS-Run4-Area-Norm/ICARUS-Run4_pid1p_slc_vtx_z.pdf	Sections/MCDataComparisons.tex		fig:MCData-\Detector-pidcuts-vtx	Monte Carlo simulation to data comparison of contained candidate $1\mu1p$ interactions, passing the PID cuts, of interaction vertex distributions in \Detector.
Figures/MC-Data-Comparisons/SBND-Area-Norm/SBND_pid1p_mu_end_x.pdf	Sections/MCDataComparisons.tex		fig:MCData-\Detector-pidcuts-muend	Monte Carlo simulation to data comparison of contained candidate $1\mu1p$ interactions, passing the PID cuts, of muon endpoint distributions in \Detector.
Figures/MC-Data-Comparisons/ICARUS-Run2-Area-Norm/ICARUS-Run2_pid1p_mu_end_x.pdf	Sections/MCDataComparisons.tex		fig:MCData-\Detector-pidcuts-muend	Monte Carlo simulation to data comparison of contained candidate $1\mu1p$ interactions, passing the PID cuts, of muon endpoint distributions in \Detector.
Figures/MC-Data-Comparisons/ICARUS-Run4-Area-Norm/ICARUS-Run4_pid1p_mu_end_x.pdf	Sections/MCDataComparisons.tex		fig:MCData-\Detector-pidcuts-muend	Monte Carlo simulation to data comparison of contained candidate $1\mu1p$ interactions, passing the PID cuts, of muon endpoint distributions in \Detector.
Figures/MC-Data-Comparisons/SBND-Area-Norm/SBND_pid1p_mu_end_y.pdf	Sections/MCDataComparisons.tex		fig:MCData-\Detector-pidcuts-muend	Monte Carlo simulation to data comparison of contained candidate $1\mu1p$ interactions, passing the PID cuts, of muon endpoint distributions in \Detector.
Figures/MC-Data-Comparisons/ICARUS-Run2-Area-Norm/ICARUS-Run2_pid1p_mu_end_y.pdf	Sections/MCDataComparisons.tex		fig:MCData-\Detector-pidcuts-muend	Monte Carlo simulation to data comparison of contained candidate $1\mu1p$ interactions, passing the PID cuts, of muon endpoint distributions in \Detector.
Figures/MC-Data-Comparisons/ICARUS-Run4-Area-Norm/ICARUS-Run4_pid1p_mu_end_y.pdf	Sections/MCDataComparisons.tex		fig:MCData-\Detector-pidcuts-muend	Monte Carlo simulation to data comparison of contained candidate $1\mu1p$ interactions, passing the PID cuts, of muon endpoint distributions in \Detector.
Figures/MC-Data-Comparisons/SBND-Area-Norm/SBND_pid1p_mu_end_z.pdf	Sections/MCDataComparisons.tex		fig:MCData-\Detector-pidcuts-muend	Monte Carlo simulation to data comparison of contained candidate $1\mu1p$ interactions, passing the PID cuts, of muon endpoint distributions in \Detector.
Figures/MC-Data-Comparisons/ICARUS-Run2-Area-Norm/ICARUS-Run2_pid1p_mu_end_z.pdf	Sections/MCDataComparisons.tex		fig:MCData-\Detector-pidcuts-muend	Monte Carlo simulation to data comparison of contained candidate $1\mu1p$ interactions, passing the PID cuts, of muon endpoint distributions in \Detector.
Figures/MC-Data-Comparisons/ICARUS-Run4-Area-Norm/ICARUS-Run4_pid1p_mu_end_z.pdf	Sections/MCDataComparisons.tex		fig:MCData-\Detector-pidcuts-muend	Monte Carlo simulation to data comparison of contained candidate $1\mu1p$ interactions, passing the PID cuts, of muon endpoint distributions in \Detector.
Figures/MC-Data-Comparisons/SBND-Area-Norm/SBND_pid1p_p_end_x.pdf	Sections/MCDataComparisons.tex		fig:MCData-\Detector-pidcuts-pend	Monte Carlo simulation to data comparison of contained candidate $1\mu1p$ interactions, passing the PID cuts, of proton endpoint distributions in \Detector.
Figures/MC-Data-Comparisons/ICARUS-Run2-Area-Norm/ICARUS-Run2_pid1p_p_end_x.pdf	Sections/MCDataComparisons.tex		fig:MCData-\Detector-pidcuts-pend	Monte Carlo simulation to data comparison of contained candidate $1\mu1p$ interactions, passing the PID cuts, of proton endpoint distributions in \Detector.
Figures/MC-Data-Comparisons/ICARUS-Run4-Area-Norm/ICARUS-Run4_pid1p_p_end_x.pdf	Sections/MCDataComparisons.tex		fig:MCData-\Detector-pidcuts-pend	Monte Carlo simulation to data comparison of contained candidate $1\mu1p$ interactions, passing the PID cuts, of proton endpoint distributions in \Detector.
Figures/MC-Data-Comparisons/SBND-Area-Norm/SBND_pid1p_p_end_y.pdf	Sections/MCDataComparisons.tex		fig:MCData-\Detector-pidcuts-pend	Monte Carlo simulation to data comparison of contained candidate $1\mu1p$ interactions, passing the PID cuts, of proton endpoint distributions in \Detector.
Figures/MC-Data-Comparisons/ICARUS-Run2-Area-Norm/ICARUS-Run2_pid1p_p_end_y.pdf	Sections/MCDataComparisons.tex		fig:MCData-\Detector-pidcuts-pend	Monte Carlo simulation to data comparison of contained candidate $1\mu1p$ interactions, passing the PID cuts, of proton endpoint distributions in \Detector.
Figures/MC-Data-Comparisons/ICARUS-Run4-Area-Norm/ICARUS-Run4_pid1p_p_end_y.pdf	Sections/MCDataComparisons.tex		fig:MCData-\Detector-pidcuts-pend	Monte Carlo simulation to data comparison of contained candidate $1\mu1p$ interactions, passing the PID cuts, of proton endpoint distributions in \Detector.
Figures/MC-Data-Comparisons/SBND-Area-Norm/SBND_pid1p_p_end_z.pdf	Sections/MCDataComparisons.tex		fig:MCData-\Detector-pidcuts-pend	Monte Carlo simulation to data comparison of contained candidate $1\mu1p$ interactions, passing the PID cuts, of proton endpoint distributions in \Detector.
Figures/MC-Data-Comparisons/ICARUS-Run2-Area-Norm/ICARUS-Run2_pid1p_p_end_z.pdf	Sections/MCDataComparisons.tex		fig:MCData-\Detector-pidcuts-pend	Monte Carlo simulation to data comparison of contained candidate $1\mu1p$ interactions, passing the PID cuts, of proton endpoint distributions in \Detector.
Figures/MC-Data-Comparisons/ICARUS-Run4-Area-Norm/ICARUS-Run4_pid1p_p_end_z.pdf	Sections/MCDataComparisons.tex		fig:MCData-\Detector-pidcuts-pend	Monte Carlo simulation to data comparison of contained candidate $1\mu1p$ interactions, passing the PID cuts, of proton endpoint distributions in \Detector.
Figures/MC-Data-Comparisons/SBND-Abs/SBND_pid1p_mu_p_absnorm.pdf	Sections/MCDataComparisons.tex		fig:MCData-SBND-abs-nulep-kinematics	Absolutely normalized comparison between Monte Carlo simulation and data in SBND, shown for muon momentum (left) and calorimetric neutrino energy (right).
Figures/MC-Data-Comparisons/SBND-Abs/SBND_pid1p_nu_E_calo_absnorm.pdf	Sections/MCDataComparisons.tex		fig:MCData-SBND-abs-nulep-kinematics	Absolutely normalized comparison between Monte Carlo simulation and data in SBND, shown for muon momentum (left) and calorimetric neutrino energy (right).
Figures/MC-Data-Comparisons/SBND-Abs/SBND_pid1p_nu_E_ccqe_absnorm.pdf	Sections/MCDataComparisons.tex		fig:MCData-SBND-abs-nu-ereco	Absolutely normalized comparison between Monte Carlo simulation and data in SBND, shown for CC-QE neutrino energy (left), and its fractional offset with calorimetric neutrino energy (right).
Figures/MC-Data-Comparisons/SBND-Abs/SBND_pid1p_nu_E_frac_diff_absnorm.pdf	Sections/MCDataComparisons.tex		fig:MCData-SBND-abs-nu-ereco	Absolutely normalized comparison between Monte Carlo simulation and data in SBND, shown for CC-QE neutrino energy (left), and its fractional offset with calorimetric neutrino energy (right).
Figures/MC-Data-Comparisons/SBND-Abs/SBND_pid1p_nu_E_calo_constrained_by_nu_E_ccqe.pdf	Sections/MCDataComparisons.tex		fig:MCData-SBND-abs-nu-constrained	Absolutely normalized comparison between Monte Carlo simulation and data in SBND, shown pre- and post-constraint to the CC-QE energy distribution. The total distribution is shown, as well as its breakdown into low, medium, and high $\delta p$ bins.
Figures/MC-Data-Comparisons/SBND-Abs/SBND_pid1p_nu_E_calo_constrained_by_nu_E_ccqe_lodp.pdf	Sections/MCDataComparisons.tex		fig:MCData-SBND-abs-nu-constrained	Absolutely normalized comparison between Monte Carlo simulation and data in SBND, shown pre- and post-constraint to the CC-QE energy distribution. The total distribution is shown, as well as its breakdown into low, medium, and high $\delta p$ bins.
Figures/MC-Data-Comparisons/SBND-Abs/SBND_pid1p_nu_E_calo_constrained_by_nu_E_ccqe_middp.pdf	Sections/MCDataComparisons.tex		fig:MCData-SBND-abs-nu-constrained	Absolutely normalized comparison between Monte Carlo simulation and data in SBND, shown pre- and post-constraint to the CC-QE energy distribution. The total distribution is shown, as well as its breakdown into low, medium, and high $\delta p$ bins.
Figures/MC-Data-Comparisons/SBND-Abs/SBND_pid1p_nu_E_calo_constrained_by_nu_E_ccqe_hidp.pdf	Sections/MCDataComparisons.tex		fig:MCData-SBND-abs-nu-constrained	Absolutely normalized comparison between Monte Carlo simulation and data in SBND, shown pre- and post-constraint to the CC-QE energy distribution. The total distribution is shown, as well as its breakdown into low, medium, and high $\delta p$ bins.
Figures/SensitivityStudies/GumpAug1_v1_PROplot_Variable_0_ErrorBand.pdf	Sections/SensitivityStudies.tex	2D Fitting Mechanism	fig:2ddelp	The 2D distribution in reconstructed neutrino energy and $\delta p$. This CV is what is used to fit the data in the GUMP analysis.
Figures/SensitivityStudies/GumpAug1_v1_PROplot_Variable_0_ErrorBand.pdf	Sections/SensitivityStudies.tex	2D Fitting Mechanism	fig:2ddelp	The 2D distribution in reconstructed neutrino energy and $\delta p$. This CV is what is used to fit the data in the GUMP analysis.
Figures/SensitivityStudies/GumpAug1_v1_PROplot_Variable_0_ErrorBand.pdf	Sections/SensitivityStudies.tex	2D Fitting Mechanism	fig:2ddelp	The 2D distribution in reconstructed neutrino energy and $\delta p$. This CV is what is used to fit the data in the GUMP analysis.
Figures/SensitivityStudies/GumpAug1_v1_PROplot_Variable_0_ErrorBand.pdf	Sections/SensitivityStudies.tex	2D Fitting Mechanism	fig:recoslc	The reconstructed energy distribution in both detectors, broken down into slices of $\delta p$. From left to right the ranges are $\{0.0 GeV < \delta p < 0.2 GeV\}$, $\{0.2 GeV < \delta p < 0.4 GeV\}$ , $\{0.4 GeV < \delta p < 0.6 GeV \}$.
Figures/SensitivityStudies/GumpAug1_v1_PROplot_Variable_0_ErrorBand.pdf	Sections/SensitivityStudies.tex	2D Fitting Mechanism	fig:recoslc	The reconstructed energy distribution in both detectors, broken down into slices of $\delta p$. From left to right the ranges are $\{0.0 GeV < \delta p < 0.2 GeV\}$, $\{0.2 GeV < \delta p < 0.4 GeV\}$ , $\{0.4 GeV < \delta p < 0.6 GeV \}$.
Figures/SensitivityStudies/GumpAug1_v1_PROplot_Variable_0_ErrorBand.pdf	Sections/SensitivityStudies.tex	2D Fitting Mechanism	fig:recoslc	The reconstructed energy distribution in both detectors, broken down into slices of $\delta p$. From left to right the ranges are $\{0.0 GeV < \delta p < 0.2 GeV\}$, $\{0.2 GeV < \delta p < 0.4 GeV\}$ , $\{0.4 GeV < \delta p < 0.6 GeV \}$.
Figures/SensitivityStudies/GumpAug1_v1_PROplot_Variable_0_ErrorBand.pdf	Sections/SensitivityStudies.tex	2D Fitting Mechanism	fig:recoslc	The reconstructed energy distribution in both detectors, broken down into slices of $\delta p$. From left to right the ranges are $\{0.0 GeV < \delta p < 0.2 GeV\}$, $\{0.2 GeV < \delta p < 0.4 GeV\}$ , $\{0.4 GeV < \delta p < 0.6 GeV \}$.
Figures/SensitivityStudies/GumpAug1_v1_PROplot_Variable_0_ErrorBand.pdf	Sections/SensitivityStudies.tex	2D Fitting Mechanism	fig:recoslc	The reconstructed energy distribution in both detectors, broken down into slices of $\delta p$. From left to right the ranges are $\{0.0 GeV < \delta p < 0.2 GeV\}$, $\{0.2 GeV < \delta p < 0.4 GeV\}$ , $\{0.4 GeV < \delta p < 0.6 GeV \}$.
Figures/SensitivityStudies/GumpAug1_v1_PROplot_Variable_0_ErrorBand.pdf	Sections/SensitivityStudies.tex	2D Fitting Mechanism	fig:recoslc	The reconstructed energy distribution in both detectors, broken down into slices of $\delta p$. From left to right the ranges are $\{0.0 GeV < \delta p < 0.2 GeV\}$, $\{0.2 GeV < \delta p < 0.4 GeV\}$ , $\{0.4 GeV < \delta p < 0.6 GeV \}$.
Figures/SensitivityStudies/GumpAug1_v1_PROplot_Variable_0_ErrorBand.pdf	Sections/SensitivityStudies.tex	2D Fitting Mechanism	fig:recoslc	The reconstructed energy distribution in both detectors, broken down into slices of $\delta p$. From left to right the ranges are $\{0.0 GeV < \delta p < 0.2 GeV\}$, $\{0.2 GeV < \delta p < 0.4 GeV\}$ , $\{0.4 GeV < \delta p < 0.6 GeV \}$.
Figures/SensitivityStudies/GumpAug1_v1_PROplot_Variable_0_ErrorBand.pdf	Sections/SensitivityStudies.tex	2D Fitting Mechanism	fig:recoslc	The reconstructed energy distribution in both detectors, broken down into slices of $\delta p$. From left to right the ranges are $\{0.0 GeV < \delta p < 0.2 GeV\}$, $\{0.2 GeV < \delta p < 0.4 GeV\}$ , $\{0.4 GeV < \delta p < 0.6 GeV \}$.
Figures/SensitivityStudies/GumpAug1_v1_PROplot_Variable_0_ErrorBand.pdf	Sections/SensitivityStudies.tex	2D Fitting Mechanism	fig:recoslc	The reconstructed energy distribution in both detectors, broken down into slices of $\delta p$. From left to right the ranges are $\{0.0 GeV < \delta p < 0.2 GeV\}$, $\{0.2 GeV < \delta p < 0.4 GeV\}$ , $\{0.4 GeV < \delta p < 0.6 GeV \}$.
Figures/SensitivityStudies/GumpAug1_v1_PROplot_Variable_0_ErrorBand.pdf	Sections/SensitivityStudies.tex	2D Fitting Mechanism	fig:1drecoE	1D distributions in reconstructed neutrino energy. The channel is divided into contributions from $\nu_{\mu}CC$ interactions, NC interactions which are separated into those from $\nu_{\mu}$'s (which would be impacted by $\nu_{\mu}$ disappearance), a dirt background, and in time cosmics sample which is given by offbeam data, and an "other" category which is dominated by in time cosmics. In SBND, other is further subdivided into the out of time cosmic background and other interactions.
Figures/SensitivityStudies/GumpAug1_v1_PROplot_Variable_0_ErrorBand.pdf	Sections/SensitivityStudies.tex	2D Fitting Mechanism	fig:1drecoE	1D distributions in reconstructed neutrino energy. The channel is divided into contributions from $\nu_{\mu}CC$ interactions, NC interactions which are separated into those from $\nu_{\mu}$'s (which would be impacted by $\nu_{\mu}$ disappearance), a dirt background, and in time cosmics sample which is given by offbeam data, and an "other" category which is dominated by in time cosmics. In SBND, other is further subdivided into the out of time cosmic background and other interactions.
Figures/SensitivityStudies/GumpAug1_v1_PROplot_Variable_0_ErrorBand.pdf	Sections/SensitivityStudies.tex	2D Fitting Mechanism	fig:1drecoE	1D distributions in reconstructed neutrino energy. The channel is divided into contributions from $\nu_{\mu}CC$ interactions, NC interactions which are separated into those from $\nu_{\mu}$'s (which would be impacted by $\nu_{\mu}$ disappearance), a dirt background, and in time cosmics sample which is given by offbeam data, and an "other" category which is dominated by in time cosmics. In SBND, other is further subdivided into the out of time cosmic background and other interactions.
Figures/SensitivityStudies/GumpAug1_v1_PROplot_Variable_0_ErrorBand.pdf	Sections/SensitivityStudies.tex	2D Fitting Mechanism	fig:1ddelp	The $\delta p$ distribution as output by profit. Since this variable is not where we expect the clearest contributions from neutrino oscillations, but instead as a method of background separation in the fit, wide bins are used. Additionally, this binning places a cut on our selection such that all events much have $\delta p < 0.6 GeV$
Figures/SensitivityStudies/GumpAug1_v1_PROplot_Variable_0_ErrorBand.pdf	Sections/SensitivityStudies.tex	2D Fitting Mechanism	fig:1ddelp	The $\delta p$ distribution as output by profit. Since this variable is not where we expect the clearest contributions from neutrino oscillations, but instead as a method of background separation in the fit, wide bins are used. Additionally, this binning places a cut on our selection such that all events much have $\delta p < 0.6 GeV$
Figures/SensitivityStudies/GumpAug1_v1_PROplot_Variable_0_ErrorBand.pdf	Sections/SensitivityStudies.tex	2D Fitting Mechanism	fig:1ddelp	The $\delta p$ distribution as output by profit. Since this variable is not where we expect the clearest contributions from neutrino oscillations, but instead as a method of background separation in the fit, wide bins are used. Additionally, this binning places a cut on our selection such that all events much have $\delta p < 0.6 GeV$
Figures/SensitivityStudies/short_covar.pdf	Sections/SensitivityStudies.tex	2D Fitting Mechanism	fig:recoE	The collapsed correlation and covariance matrices, pre-fit. This includes all permutations of 2 detectors (with ICARUS runs 2 and 4 treated separately, 3 $\delta p$ bins, and 15 $E_{reco}$ bins, resulting in 135 total bins along each axis.
Figures/SensitivityStudies/short_covar.pdf	Sections/SensitivityStudies.tex	2D Fitting Mechanism	fig:recoE	The collapsed correlation and covariance matrices, pre-fit. This includes all permutations of 2 detectors (with ICARUS runs 2 and 4 treated separately, 3 $\delta p$ bins, and 15 $E_{reco}$ bins, resulting in 135 total bins along each axis.
Figures/SensitivityStudies/Scaling.png	Sections/SensitivityStudies.tex	2D Fitting Mechanism	fig:2d	The current GUMP $\Delta \chi^2=1.6$ sensitivity contour compared to global oscillation results.
Figures/SensitivityStudies/prog.png	Sections/SensitivityStudies.tex	Impacts of Individual Systematics	fig:syst_breakdown	The impact of different systematic categories on the GUMP sensitivity. From the point of view of addition individual categories of systematics (left) and removing a single systematic category (right).
Figures/SensitivityStudies/systs.png	Sections/SensitivityStudies.tex	Impacts of Individual Systematics	fig:syst_breakdown	The impact of different systematic categories on the GUMP sensitivity. From the point of view of addition individual categories of systematics (left) and removing a single systematic category (right).
Figures/SensitivityStudies/GumpAug1_v1_fractional_systematics.pdf	Sections/SensitivityStudies.tex	Impacts of Individual Systematics	#2	Systematics for \texttt{#2}.
Figures/SensitivityStudies/unblinding.png	Sections/SensitivityStudies.tex	Unblinding Sensitivity Study	fig:unblinding	Sensitivity before any unblinding (shape only info in both detectors, $\delta p$ fit with dev sample statistics), after dev sample unblinding in SBND (realistic normalization in SBND with shape only in ICARUS, 2D fit in SBND with $\delta p$ only in ICARUS), and full sensitivity (2D fit in $\delta$p and $E_{reco}$ with 1e20 in SBND and 5e20 in ICARUS).
Figures/FakeData/Gumple_FDQEIntf_PROfile_1sigmaMCMC.pdf	Sections/FakeData.tex	Model: Gumple \model	fig:\model_\plottype	Gumple \model\ --- \plottype\ (Page \pg)
Figures/FakeData/Gumple_FDQEIntf_PROfile_hists.pdf	Sections/FakeData.tex	Model: Gumple \model	fig:\model_\plottype	Gumple \model\ --- \plottype\ (Page \pg)
Figures/FakeData/Gumple_FDQEIntf_PROfile_hists.pdf	Sections/FakeData.tex	Model: Gumple \model	fig:\model_\plottype	Gumple \model\ --- \plottype\ (Page \pg)
Figures/FakeData/Gumple_FDQEIntf_PROfile_hists.pdf	Sections/FakeData.tex	Model: Gumple \model	fig:\model_\plottype	Gumple \model\ --- \plottype\ (Page \pg)
Figures/FakeData/Gumple_FDQEIntf_PROfile_hists.pdf	Sections/FakeData.tex	Model: Gumple \model	fig:\model_\plottype	Gumple \model\ --- \plottype\ (Page \pg)
Figures/FakeData/Gumple_FDSF_PROfile_1sigmaMCMC.pdf	Sections/FakeData.tex	Model: Gumple \model	fig:\model_\plottype	Gumple \model\ --- \plottype\ (Page \pg)
Figures/FakeData/Gumple_FDSF_PROfile_hists.pdf	Sections/FakeData.tex	Model: Gumple \model	fig:\model_\plottype	Gumple \model\ --- \plottype\ (Page \pg)
Figures/FakeData/Gumple_FDSF_PROfile_hists.pdf	Sections/FakeData.tex	Model: Gumple \model	fig:\model_\plottype	Gumple \model\ --- \plottype\ (Page \pg)
Figures/FakeData/Gumple_FDSF_PROfile_hists.pdf	Sections/FakeData.tex	Model: Gumple \model	fig:\model_\plottype	Gumple \model\ --- \plottype\ (Page \pg)
Figures/FakeData/Gumple_FDSF_PROfile_hists.pdf	Sections/FakeData.tex	Model: Gumple \model	fig:\model_\plottype	Gumple \model\ --- \plottype\ (Page \pg)
Figures/FakeData/Gumple_FDBIND_PROfile_1sigmaMCMC.pdf	Sections/FakeData.tex	Model: Gumple \model	fig:\model_\plottype	Gumple \model\ --- \plottype\ (Page \pg)
Figures/FakeData/Gumple_FDBIND_PROfile_hists.pdf	Sections/FakeData.tex	Model: Gumple \model	fig:\model_\plottype	Gumple \model\ --- \plottype\ (Page \pg)
Figures/FakeData/Gumple_FDBIND_PROfile_hists.pdf	Sections/FakeData.tex	Model: Gumple \model	fig:\model_\plottype	Gumple \model\ --- \plottype\ (Page \pg)
Figures/FakeData/Gumple_FDBIND_PROfile_hists.pdf	Sections/FakeData.tex	Model: Gumple \model	fig:\model_\plottype	Gumple \model\ --- \plottype\ (Page \pg)
Figures/FakeData/Gumple_FDBIND_PROfile_hists.pdf	Sections/FakeData.tex	Model: Gumple \model	fig:\model_\plottype	Gumple \model\ --- \plottype\ (Page \pg)
Figures/FakeData/Gumple_FDInject_PROfile_1sigmaMCMC.pdf	Sections/FakeData.tex	Model: Gumple \model	fig:\model_\plottype	Gumple \model\ --- \plottype\ (Page \pg)
Figures/FakeData/Gumple_FDInject_PROfile_hists.pdf	Sections/FakeData.tex	Model: Gumple \model	fig:\model_\plottype	Gumple \model\ --- \plottype\ (Page \pg)
Figures/FakeData/Gumple_FDInject_PROfile_hists.pdf	Sections/FakeData.tex	Model: Gumple \model	fig:\model_\plottype	Gumple \model\ --- \plottype\ (Page \pg)
Figures/FakeData/Gumple_FDInject_PROfile_hists.pdf	Sections/FakeData.tex	Model: Gumple \model	fig:\model_\plottype	Gumple \model\ --- \plottype\ (Page \pg)
Figures/FakeData/Gumple_FDInject_PROfile_hists.pdf	Sections/FakeData.tex	Model: Gumple \model	fig:\model_\plottype	Gumple \model\ --- \plottype\ (Page \pg)
Figures/FakeData/Gumple_FDPoisson_PROfile_1sigmaMCMC.pdf	Sections/FakeData.tex	Model: Gumple \model	fig:\model_\plottype	Gumple \model\ --- \plottype\ (Page \pg)
Figures/FakeData/Gumple_FDPoisson_PROfile_hists.pdf	Sections/FakeData.tex	Model: Gumple \model	fig:\model_\plottype	Gumple \model\ --- \plottype\ (Page \pg)
Figures/FakeData/Gumple_FDPoisson_PROfile_hists.pdf	Sections/FakeData.tex	Model: Gumple \model	fig:\model_\plottype	Gumple \model\ --- \plottype\ (Page \pg)
Figures/FakeData/Gumple_FDPoisson_PROfile_hists.pdf	Sections/FakeData.tex	Model: Gumple \model	fig:\model_\plottype	Gumple \model\ --- \plottype\ (Page \pg)
Figures/FakeData/Gumple_FDPoisson_PROfile_hists.pdf	Sections/FakeData.tex	Model: Gumple \model	fig:\model_\plottype	Gumple \model\ --- \plottype\ (Page \pg)
